source_node,destination_node,class
1498,1511,1
5,342,0
309,387,0
635,1419,1
565,678,0
1250,1261,1
42,193,0
100,657,0
151,569,1
454,911,0
304,550,0
212,265,0
313,586,0
555,1485,1
734,1451,1
204,1261,1
479,519,1
501,522,1
148,433,0
477,549,0
433,474,1
118,345,0
1259,1261,1
1301,1311,1
422,858,0
222,680,0
680,899,1
1261,1423,1
838,1553,1
271,855,0
290,723,0
286,839,0
201,305,0
547,785,0
758,785,0
201,203,0
144,485,0
1380,1489,1
87,182,0
224,703,0
85,256,0
337,352,0
115,1402,1
19,1540,1
336,511,0
387,558,0
401,550,0
420,470,0
8,730,0
52,1451,1
80,591,0
575,678,0
1464,1558,1
423,501,0
569,1567,1
59,102,0
326,1520,1
73,500,0
206,751,0
245,431,1
1423,1488,1
287,889,1
513,615,0
21,266,0
1249,1503,1
420,601,0
106,1567,1
115,1457,1
414,731,0
153,445,1
3,327,0
433,714,1
404,653,0
531,578,0
504,725,0
9,252,0
657,1560,1
127,357,0
1375,1451,1
571,944,1
433,1375,1
402,610,0
793,850,0
223,255,1
285,1567,1
726,1566,1
498,524,0
207,394,1
1261,1376,1
152,637,0
32,46,0
416,586,1
731,792,0
635,1242,1
503,519,0
526,689,0
3,661,0
180,592,0
85,1204,1
558,600,0
53,285,1
228,558,0
125,402,0
118,582,0
316,526,0
576,592,0
99,276,0
393,1566,1
73,349,0
80,513,0
153,588,0
176,238,0
1304,1320,1
20,131,0
1519,1520,1
384,529,0
82,1567,1
170,1160,1
555,586,1
223,1457,1
170,477,1
90,1285,1
242,885,0
640,658,1
341,342,0
1331,1416,1
224,663,0
111,913,0
909,1304,1
583,754,0
363,388,0
30,1457,1
451,790,0
264,406,1
102,265,1
25,1430,1
84,517,0
191,302,0
737,835,0
680,731,0
163,712,0
176,813,0
517,588,0
203,723,0
400,1550,1
1328,1464,1
1375,1423,1
403,569,1
199,1423,1
127,785,0
1307,1436,1
38,1375,1
1465,1515,1
180,194,0
12,884,0
304,389,0
118,470,0
338,363,0
431,1358,1
264,635,0
271,1063,1
203,677,0
575,685,0
100,1460,1
63,1528,1
924,933,1
65,393,0
165,306,0
249,588,1
18,862,0
890,1567,1
345,601,0
1363,1495,1
87,666,1
393,676,0
34,1246,1
479,529,1
64,451,0
1457,1468,1
65,457,0
351,1309,1
1304,1375,1
287,1407,1
313,477,1
18,284,0
259,279,0
635,1498,1
34,123,0
265,1553,1
107,1508,1
466,894,0
339,388,1
131,367,0
331,609,0
796,828,0
1248,1275,1
172,265,0
545,546,1
575,772,0
289,617,0
130,520,0
376,1541,1
112,712,0
68,234,1
201,382,0
1363,1524,1
120,453,0
387,909,0
789,1363,1
166,707,0
733,1397,1
378,561,0
324,1568,1
406,519,0
404,596,0
204,622,0
254,523,0
330,1397,1
361,644,0
555,1067,1
183,731,0
308,342,0
193,493,0
31,830,0
55,1446,1
555,1321,1
119,198,1
1253,1446,1
338,1298,1
723,796,0
1363,1567,1
183,717,0
502,1515,1
166,577,0
177,232,0
39,685,0
106,114,1
1292,1437,1
242,526,0
265,1517,1
153,371,1
224,225,1
1501,1572,1
575,610,0
1160,1451,1
61,362,0
600,724,0
709,760,0
1512,1527,1
518,663,0
15,248,0
404,555,1
382,865,0
756,789,1
543,1544,1
131,368,0
34,792,0
102,677,0
1279,1497,1
788,865,0
494,720,0
401,479,1
463,585,0
623,637,0
740,829,1
136,348,0
1262,1567,1
721,962,1
341,1063,1
265,1359,1
193,1160,1
177,589,0
1486,1493,1
204,592,0
508,795,0
1343,1363,1
1261,1572,1
711,786,1
198,402,0
228,437,0
475,517,1
523,1271,1
416,555,1
154,740,0
443,1557,1
714,1498,1
677,909,1
1285,1520,1
347,570,0
21,874,0
41,622,0
466,522,0
478,889,0
1301,1377,1
1307,1361,1
90,266,0
3,1270,1
1373,1487,1
170,217,0
1160,1261,1
53,545,1
542,755,0
90,370,0
896,915,0
111,392,0
359,554,1
384,626,0
1242,1363,1
221,790,0
1291,1304,1
1261,1451,1
118,351,0
1446,1502,1
59,254,0
86,579,0
341,701,0
249,489,0
912,1567,1
535,1501,1
115,830,0
760,885,0
6,383,0
323,531,1
53,421,0
45,644,0
294,324,0
209,644,0
1067,1553,1
555,1285,1
289,873,0
59,1517,1
196,552,0
503,719,0
254,355,0
714,1301,1
539,724,1
554,715,0
112,539,0
1247,1493,1
601,874,0
285,1371,1
497,501,1
539,592,0
327,736,0
106,1319,1
236,469,0
111,457,0
1248,1277,1
561,862,0
937,1460,1
578,855,0
1248,1363,1
1238,1387,1
1255,1358,1
3,31,0
81,485,0
90,657,1
62,1517,1
57,67,1
69,1304,1
114,564,0
14,287,0
252,501,0
617,1285,1
1388,1423,1
511,873,0
632,1285,1
545,1464,1
459,653,0
287,288,1
1363,1487,1
99,838,1
658,869,1
1273,1520,1
482,1375,1
63,850,1
414,501,0
322,1375,1
1,170,0
160,555,1
1320,1363,1
130,654,0
63,529,0
1423,1430,1
511,528,0
527,578,0
69,1517,1
1527,1567,1
731,1204,1
1359,1542,1
1290,1343,1
1085,1567,1
1301,1315,1
351,404,1
521,683,1
196,789,0
498,677,0
82,368,0
320,392,0
405,671,0
220,524,0
320,707,0
378,1375,1
339,671,0
200,309,0
869,1517,1
226,850,0
21,535,0
71,764,0
30,1520,1
109,284,0
156,787,0
43,1291,1
182,313,0
238,740,0
554,838,1
340,1495,1
685,1050,1
153,658,1
501,524,0
259,367,0
1402,1506,1
1393,1517,1
729,798,0
1279,1282,1
591,825,0
1465,1468,1
607,786,0
1363,1426,1
575,709,0
1247,1363,1
1321,1375,1
894,1249,1
113,689,0
236,858,0
632,1477,1
340,609,0
106,316,0
1301,1436,1
382,501,0
3,1160,1
1246,1363,1
623,689,0
527,640,0
1444,1567,1
409,914,0
1550,1558,1
711,1262,1
36,167,0
970,995,1
339,739,1
160,551,0
476,508,1
454,689,0
413,689,0
90,1527,1
1308,1423,1
433,477,1
194,1363,1
769,786,0
874,1105,1
391,569,0
127,325,0
838,993,1
285,667,1
544,789,0
429,582,0
79,115,1
1299,1423,1
592,596,1
207,560,0
521,714,1
84,102,0
3,1519,1
406,425,0
272,562,0
8,873,0
658,1160,1
726,1397,1
30,1480,1
37,1255,1
1451,1515,1
53,825,0
58,1477,1
55,249,0
394,838,1
527,729,0
223,1493,1
1067,1520,1
80,1550,1
1384,1446,1
195,502,1
742,754,0
155,608,1
34,839,0
712,1067,1
388,1515,1
55,1520,1
112,1309,1
140,391,0
37,711,0
447,658,1
176,678,0
622,714,1
175,493,0
635,715,0
1270,1572,1
361,793,0
55,577,0
443,454,0
1426,1493,1
144,279,0
304,724,0
112,788,1
1160,1446,1
115,1384,1
279,874,0
1301,1497,1
1484,1527,1
62,115,1
301,719,0
375,1426,1
144,764,0
1067,1567,1
517,1567,1
302,1244,1
371,914,0
266,361,0
461,519,0
542,545,1
608,855,0
1445,1451,1
196,837,0
1160,1465,1
59,276,1
154,557,0
409,433,1
35,555,1
225,685,0
1473,1485,1
726,1518,1
434,1541,1
158,1375,1
735,858,1
1444,1520,1
1340,1344,1
1160,1489,1
103,115,1
1285,1540,1
391,535,0
1423,1465,1
236,869,0
520,1541,1
593,631,0
125,200,0
433,569,1
973,974,1
189,1477,1
411,787,0
152,163,0
343,475,0
75,177,0
127,172,0
52,596,0
223,1063,1
470,601,0
711,1557,1
175,658,1
591,798,0
26,1363,1
69,702,0
1,2,1
1160,1497,1
479,493,1
273,683,0
146,158,0
285,1253,1
89,889,0
204,685,0
61,855,0
915,1520,1
140,477,0
146,370,0
1311,1337,1
1273,1355,1
600,1517,1
663,913,0
1446,1465,1
66,180,0
360,913,0
411,414,0
306,508,0
889,1541,1
308,766,0
618,1266,1
469,1423,1
165,496,0
199,402,0
67,345,0
1493,1538,1
591,896,0
454,896,0
112,1315,1
1281,1431,1
618,1270,1
207,1351,1
556,793,0
1501,1541,1
1497,1542,1
1457,1465,1
90,1363,1
375,391,0
1021,1262,1
626,1501,1
1359,1535,1
23,891,0
632,714,1
14,505,0
6,461,0
264,689,0
711,1261,1
1390,1426,1
846,884,0
585,752,0
284,365,0
787,978,1
119,855,0
272,1520,1
479,873,1
285,1423,1
81,82,1
160,342,0
254,769,0
256,463,0
592,711,0
416,1520,1
155,466,1
496,681,0
1480,1541,1
288,1451,1
198,1497,1
93,1160,1
30,1509,1
42,858,0
163,496,0
545,1363,1
102,138,0
676,1520,1
330,585,0
413,911,0
70,349,0
326,463,0
382,445,0
66,1340,1
322,909,1
196,256,0
658,1446,1
342,840,0
358,626,0
195,205,1
402,453,0
1291,1363,1
55,430,0
653,756,0
130,445,0
41,576,0
433,490,1
1301,1304,1
30,1541,1
434,1517,1
144,547,1
290,523,0
260,1520,1
1035,1436,1
1255,1542,1
93,739,1
303,596,0
641,696,0
144,146,1
322,1160,1
203,223,1
35,490,0
838,1477,1
130,570,0
152,659,0
1390,1541,1
88,205,0
53,1493,1
447,733,0
58,623,0
158,867,0
421,676,0
211,322,0
35,1520,1
626,1541,1
411,518,0
227,485,0
115,1433,1
1337,1363,1
30,1393,1
723,1050,1
351,671,0
888,896,0
209,1502,1
613,1493,1
507,865,0
206,458,0
528,552,1
1261,1359,1
279,583,0
1301,1383,1
262,294,0
266,702,0
12,107,0
1477,1485,1
788,1272,1
2,740,0
1446,1558,1
121,1423,1
502,1549,1
1423,1519,1
667,788,0
1271,1311,1
1309,1314,1
1160,1509,1
285,714,1
119,707,0
299,786,0
330,830,0
536,1253,1
417,430,1
334,1301,1
249,589,0
1290,1371,1
556,733,0
207,715,0
357,838,1
113,714,1
286,661,0
1262,1363,1
569,1423,1
667,771,0
497,577,0
100,578,0
764,977,1
754,1105,1
38,79,0
43,176,0
529,736,0
888,1038,1
1255,1258,1
198,431,0
193,865,0
153,197,1
411,522,0
50,433,0
194,542,0
285,1550,1
313,850,0
671,719,1
539,717,1
225,1517,1
422,825,0
550,890,0
2,531,0
358,539,0
40,70,0
391,839,0
1437,1473,1
1477,1512,1
734,739,1
63,1301,1
226,711,0
198,545,0
45,507,0
433,482,1
205,494,1
153,1378,1
1242,1345,1
358,661,0
429,865,0
714,772,1
53,1451,1
576,637,0
1265,1527,1
404,1541,1
194,736,0
1262,1424,1
636,680,0
144,309,1
361,508,0
121,406,1
245,1446,1
829,889,1
475,501,1
622,1553,1
578,891,0
1262,1563,1
466,678,0
207,912,0
334,526,0
195,787,0
25,1383,1
20,421,0
431,464,0
1403,1431,1
75,337,0
1445,1450,1
42,389,0
63,1380,1
425,576,0
643,873,0
1471,1515,1
8,1464,1
894,1304,1
417,851,1
120,585,0
414,461,0
1304,1501,1
400,440,1
267,589,0
1295,1493,1
475,758,0
1,720,0
555,1515,1
388,511,0
82,207,1
1265,1290,1
543,1503,1
1393,1520,1
1444,1557,1
1262,1564,1
280,613,0
30,1374,1
123,489,0
433,1511,1
182,857,0
496,717,0
1292,1497,1
53,492,0
659,764,0
183,873,0
1498,1545,1
258,858,0
514,760,0
1333,1363,1
165,403,0
1352,1520,1
1423,1436,1
933,935,1
344,748,0
513,1511,1
414,696,0
255,640,0
1378,1512,1
340,1307,1
547,700,1
203,422,0
1515,1567,1
63,1396,1
466,571,0
1328,1343,1
23,113,0
331,837,0
20,294,0
90,909,1
40,348,0
127,640,0
378,1363,1
284,406,1
359,721,0
256,858,0
1473,1489,1
463,543,1
304,867,0
138,737,0
119,454,0
739,781,1
766,1363,1
1304,1557,1
189,345,0
35,470,0
93,152,0
151,1255,1
545,1567,1
737,911,0
751,788,0
721,723,1
1493,1557,1
368,570,0
414,693,0
193,787,0
657,896,0
316,365,0
211,575,0
40,347,0
258,1498,1
1419,1479,1
1467,1468,1
157,751,0
1080,1567,1
555,658,1
1246,1475,1
242,472,1
772,1518,1
740,889,1
1314,1363,1
316,556,0
423,632,0
113,260,0
69,130,0
551,789,0
269,492,0
43,490,1
41,511,0
457,592,0
1290,1359,1
327,617,0
53,727,0
1376,1457,1
35,1501,1
3,479,1
285,1557,1
223,297,1
1292,1301,1
226,479,0
1316,1384,1
405,435,0
721,731,1
1270,1304,1
1246,1515,1
1340,1542,1
37,347,0
93,1557,1
43,156,0
731,751,1
106,1363,1
334,739,1
571,693,1
404,1528,1
53,422,0
172,622,0
1012,1567,1
113,1541,1
89,467,0
157,474,0
359,737,0
839,1123,1
537,545,1
617,712,0
90,787,0
93,516,0
388,727,0
170,358,0
430,640,0
264,786,0
671,840,0
1402,1542,1
41,787,0
361,363,1
334,396,0
541,1508,1
257,286,0
102,280,0
756,828,0
77,477,0
42,721,0
196,264,0
365,825,0
68,536,1
63,1541,1
289,431,1
200,454,0
52,188,1
15,722,0
1370,1419,1
120,577,0
165,785,0
1365,1423,1
501,858,0
102,758,0
592,600,1
363,683,0
95,1517,1
1363,1486,1
234,275,0
383,752,0
81,204,0
62,434,1
217,616,0
502,1508,1
273,519,0
165,304,0
1316,1466,1
357,793,0
95,322,0
721,1397,1
158,249,0
401,739,0
463,1261,1
626,1396,1
115,415,0
151,1451,1
1395,1445,1
1301,1419,1
63,434,1
177,850,0
424,596,0
1204,1397,1
306,1253,1
131,689,0
1050,1105,1
666,1050,1
64,394,0
92,544,0
115,227,1
625,772,1
86,680,0
209,889,1
303,316,0
1429,1557,1
82,654,0
92,666,0
304,837,0
1160,1519,1
1442,1542,1
514,687,1
41,1485,1
467,1464,1
433,1567,1
1488,1517,1
326,527,0
755,1515,1
1433,1567,1
272,1423,1
493,838,1
166,416,0
622,889,1
772,1566,1
1261,1501,1
440,758,0
1,659,0
196,236,0
447,454,0
90,661,0
1248,1296,1
1315,1363,1
562,640,0
255,539,0
1465,1541,1
469,592,0
21,751,0
565,865,0
1446,1468,1
382,1290,1
153,348,0
1247,1472,1
103,138,0
70,597,0
115,1541,1
154,478,0
466,561,0
472,1063,1
1252,1446,1
106,739,1
1319,1511,1
536,1520,1
75,276,0
1249,1538,1
569,874,0
1304,1541,1
1261,1285,1
20,771,0
9,545,0
151,1292,1
1275,1423,1
734,1426,1
676,787,0
304,368,0
461,758,0
334,1403,1
19,1160,1
556,754,0
46,176,0
1077,1261,1
1301,1423,1
112,1493,1
714,1493,1
476,739,1
84,227,0
640,829,0
228,477,1
493,541,0
522,615,0
545,838,1
738,1567,1
89,699,0
666,711,0
115,565,0
735,896,0
731,742,1
256,405,0
209,586,0
105,1374,1
1398,1423,1
1063,1288,1
1363,1396,1
45,891,0
71,493,0
551,575,0
322,1528,1
894,1509,1
226,367,0
501,1541,1
39,365,0
170,1550,1
1515,1568,1
63,1520,1
59,177,0
116,410,0
6,345,0
153,626,1
626,1371,1
40,285,1
95,323,0
260,795,0
52,1307,1
119,1377,1
1292,1340,1
764,1363,1
151,1560,1
197,348,0
731,1460,1
1,451,0
120,206,0
85,322,0
146,1541,1
522,891,0
151,1384,1
81,742,0
1361,1451,1
1299,1311,1
1426,1542,1
412,899,0
1451,1572,1
322,889,1
355,911,0
95,469,0
838,1067,1
358,735,0
477,838,1
89,146,1
934,1460,1
114,344,0
136,592,0
1262,1380,1
658,1383,1
434,727,0
55,1426,1
30,1373,1
285,536,1
785,838,0
693,719,0
227,469,0
55,657,1
461,707,0
1304,1528,1
275,792,0
177,542,0
1218,1337,1
671,748,0
1397,1493,1
258,751,0
42,485,0
276,445,0
625,830,0
688,891,1
158,508,0
387,463,0
424,536,1
1279,1319,1
400,899,0
523,730,0
103,330,1
226,1160,1
166,290,0
35,498,0
687,726,1
197,643,0
177,748,0
676,1050,1
1307,1501,1
66,1520,1
99,1477,1
351,735,0
1311,1475,1
1433,1446,1
846,862,0
80,285,1
301,617,0
272,724,0
474,478,1
67,103,0
1479,1502,1
201,393,0
99,798,0
6,501,0
228,796,0
203,720,0
528,890,0
409,659,0
469,1520,1
555,1451,1
1473,1476,1
1350,1520,1
518,796,0
363,631,0
327,786,0
193,591,0
106,451,1
482,885,0
869,1541,1
421,1375,1
195,886,0
737,869,0
279,914,0
561,850,0
295,869,0
234,1292,1
71,531,0
196,609,0
453,681,0
167,731,0
347,750,0
1255,1497,1
714,932,1
1249,1493,1
1368,1373,1
425,829,0
150,201,0
337,441,0
7,1515,1
144,342,0
528,874,0
369,739,1
144,212,0
263,869,1
1363,1557,1
786,1246,1
582,666,0
290,424,0
729,886,0
748,1050,1
106,1477,1
62,451,1
41,204,0
113,914,0
1137,1148,1
501,707,1
389,413,0
266,681,0
1301,1542,1
53,522,0
158,830,0
1265,1501,1
111,165,0
325,536,0
272,464,0
551,674,0
290,406,0
1309,1378,1
1340,1436,1
25,303,1
1248,1501,1
360,671,0
508,632,1
736,1567,1
258,764,0
733,1037,1
1292,1378,1
626,1513,1
36,195,0
1261,1372,1
36,166,1
153,383,0
5,641,0
183,785,0
111,869,0
39,503,0
197,297,0
464,594,0
1244,1489,1
524,676,0
1285,1451,1
264,632,0
352,585,0
5,1544,1
1442,1480,1
1445,1520,1
629,631,1
1314,1501,1
1148,1149,1
1285,1426,1
411,507,0
115,209,1
522,597,0
234,1541,1
739,1340,1
115,714,1
1265,1297,1
348,513,0
489,707,0
1273,1285,1
338,1314,1
1423,1549,1
882,886,1
1363,1515,1
457,789,0
222,857,0
131,851,0
575,1351,1
40,1419,1
1,498,0
38,1433,1
542,654,0
176,304,0
3,365,0
1270,1501,1
123,177,0
285,1560,1
55,144,0
1375,1485,1
837,1249,1
521,667,1
717,731,1
416,1515,1
1291,1426,1
586,1160,1
575,1363,1
175,730,0
1307,1328,1
474,505,0
290,680,0
140,882,0
260,869,1
1464,1477,1
1386,1466,1
75,703,0
1275,1363,1
579,721,0
591,764,0
1290,1501,1
503,740,0
1431,1567,1
1404,1423,1
264,384,0
726,1525,1
49,255,0
405,1363,1
520,557,0
6,549,0
82,596,0
591,889,1
1290,1520,1
46,180,0
1301,1473,1
127,431,0
131,172,0
911,1511,1
285,1377,1
19,555,1
361,632,0
586,1464,1
460,1253,1
103,176,0
459,463,0
221,309,0
519,793,0
326,613,0
30,1550,1
12,837,0
32,544,0
295,1363,1
464,840,0
522,678,0
592,622,0
150,700,0
267,554,0
1253,1495,1
404,1375,1
466,659,0
62,772,1
1423,1470,1
352,838,1
1295,1423,1
30,1493,1
726,1508,1
38,1387,1
20,459,0
40,342,0
616,742,0
447,537,0
357,522,0
420,680,0
1386,1567,1
1327,1399,1
1402,1452,1
118,680,0
739,1446,1
285,363,0
120,830,0
209,1511,1
1301,1358,1
541,754,0
666,739,1
475,754,0
882,889,0
273,461,0
371,717,0
310,1539,1
1339,1423,1
531,1460,1
601,630,0
1304,1337,1
262,482,0
571,1050,1
1359,1397,1
501,793,0
41,1573,1
267,349,0
431,1501,1
153,1517,1
688,838,1
410,478,1
571,838,1
175,201,0
1423,1438,1
82,476,0
596,1511,1
617,1515,1
223,262,1
238,523,0
198,689,0
1285,1527,1
1451,1522,1
385,865,0
1423,1538,1
334,838,1
925,962,1
363,560,0
550,731,0
1285,1311,1
245,1358,1
411,556,0
175,322,0
62,1363,1
302,463,1
177,511,0
334,412,0
342,756,0
224,560,0
463,724,0
1481,1515,1
31,851,0
158,1464,1
1436,1465,1
313,469,0
41,331,0
102,503,0
57,349,0
433,1270,1
14,719,0
513,666,1
368,411,0
1307,1464,1
323,443,0
308,322,0
105,1398,1
750,888,0
259,882,0
632,1464,1
1423,1517,1
1423,1567,1
555,739,1
358,367,0
408,545,0
1029,1567,1
167,681,0
114,226,1
348,433,1
461,552,0
1451,1495,1
304,541,0
30,476,0
43,1160,1
536,1067,1
14,771,0
31,1489,1
835,1567,1
267,676,0
40,555,1
193,413,0
555,1058,1
1340,1497,1
1279,1542,1
658,1464,1
23,71,0
195,242,1
1377,1542,1
1307,1316,1
172,796,0
262,434,0
68,211,0
355,441,0
163,367,0
70,613,0
731,1270,1
511,721,0
1270,1426,1
107,613,0
68,265,1
554,846,0
1309,1484,1
434,609,0
838,962,1
582,837,0
717,754,0
1423,1512,1
733,1067,1
577,618,0
170,234,1
1363,1541,1
285,445,1
445,1314,1
537,585,0
406,535,0
591,636,0
53,1429,1
375,677,0
630,764,0
1002,1047,1
306,1423,1
40,392,0
313,367,0
271,299,0
899,1511,1
337,447,0
1338,1543,1
1301,1498,1
1261,1416,1
1430,1444,1
140,560,0
151,601,0
392,798,0
71,396,0
285,541,1
3,158,0
429,489,0
413,641,0
352,357,1
234,600,1
295,909,1
40,1520,1
341,862,0
1160,1539,1
264,527,0
1270,1542,1
68,393,0
687,855,0
555,600,1
154,846,0
90,786,1
1501,1567,1
541,1520,1
5,615,0
569,1464,1
1265,1396,1
220,1375,1
400,1375,1
156,252,0
424,472,1
107,113,0
95,707,0
1423,1497,1
1464,1470,1
1375,1515,1
1338,1361,1
586,1292,1
385,464,0
469,596,0
458,556,0
264,557,0
252,400,0
615,772,0
343,635,0
217,406,1
1363,1532,1
466,1105,1
166,326,0
511,671,0
271,609,0
393,693,0
722,724,1
412,445,0
18,155,0
1327,1493,1
629,735,0
412,494,0
32,891,0
130,156,0
594,596,1
152,286,0
30,909,1
423,1386,1
500,520,0
640,1541,1
106,131,1
79,393,0
714,1477,1
869,1105,1
507,575,0
172,737,0
46,302,0
1304,1315,1
1299,1493,1
1389,1515,1
788,1510,1
550,617,0
1343,1423,1
522,748,0
1297,1363,1
82,1489,1
1204,1460,1
355,798,0
252,257,0
63,1517,1
469,727,0
493,618,0
631,813,0
536,1550,1
50,189,0
30,1285,1
188,361,0
445,688,0
324,769,0
18,348,0
1303,1423,1
1491,1532,1
170,731,0
555,1527,1
1273,1299,1
151,285,1
334,382,0
146,829,0
63,913,0
203,204,0
102,424,1
384,482,0
36,63,0
889,1546,1
740,1397,1
524,857,0
717,721,1
116,259,0
1285,1308,1
292,295,1
60,61,1
264,609,0
1313,1315,1
150,618,0
275,576,0
674,685,0
1248,1378,1
714,891,1
1393,1423,1
262,269,0
203,489,0
30,1451,1
714,755,1
264,536,0
158,1426,1
540,772,0
197,359,0
685,701,0
58,555,1
107,1160,1
493,859,0
1307,1426,1
196,894,0
1293,1294,1
147,205,0
9,796,0
121,524,0
392,667,0
334,501,1
1539,1567,1
252,630,0
1270,1296,1
433,1498,1
106,1517,1
285,1246,1
360,492,0
1290,1314,1
447,1451,1
666,709,0
1464,1480,1
594,623,0
71,384,0
38,1567,1
501,1053,1
107,787,0
359,538,1
1304,1512,1
211,435,0
338,626,1
453,1465,1
771,838,0
588,700,0
52,454,0
337,440,0
591,693,0
223,1340,1
138,304,0
53,385,0
183,396,0
23,663,0
248,517,0
144,347,0
1278,1358,1
654,867,0
116,1576,1
348,882,0
287,1486,1
523,552,1
1334,1388,1
334,1519,1
305,723,0
376,472,0
690,709,1
403,601,0
183,769,0
89,1572,1
285,1328,1
629,658,0
211,1567,1
30,1489,1
326,490,0
469,885,0
479,1182,1
1473,1501,1
348,1501,1
127,338,0
62,1451,1
116,1517,1
299,313,0
285,1270,1
529,689,0
102,170,1
406,528,0
973,997,1
73,508,0
211,451,0
25,714,1
134,600,1
1290,1473,1
61,198,0
269,422,0
195,962,1
7,1498,1
593,596,1
183,271,0
618,1567,1
1246,1296,1
1151,1163,1
245,578,0
1359,1515,1
71,615,0
1258,1302,1
755,787,1
245,1361,1
1400,1403,1
157,1363,1
1253,1283,1
151,1314,1
1464,1520,1
1506,1545,1
25,41,1
287,1160,1
58,592,0
309,1314,1
242,733,1
479,1512,1
120,555,1
1253,1464,1
206,504,0
31,560,0
1358,1567,1
189,674,0
545,862,0
453,689,0
464,501,0
310,592,0
729,733,0
586,1519,1
579,663,0
402,434,0
103,308,0
441,712,0
1160,1444,1
461,609,0
1290,1567,1
423,617,0
752,825,0
301,755,0
313,340,0
1305,1358,1
157,1301,1
125,738,0
220,666,1
384,467,0
70,562,0
351,731,0
348,724,0
1078,1525,1
441,719,0
1423,1459,1
131,882,0
445,1523,1
789,1520,1
1204,1218,1
204,846,0
272,1319,1
414,723,0
351,635,1
226,1515,1
79,703,0
896,913,1
1015,1567,1
625,882,0
62,535,0
245,1475,1
400,838,1
180,615,0
1464,1473,1
415,707,0
430,703,0
175,269,0
1497,1565,1
205,1495,1
115,1469,1
106,276,0
342,838,1
86,90,1
571,787,1
1495,1542,1
474,570,0
416,1396,1
781,914,0
223,798,0
676,751,1
71,336,0
1246,1365,1
227,360,0
46,284,1
245,626,1
65,95,0
73,1301,1
115,405,1
469,788,0
284,727,0
689,1493,1
555,1389,1
80,600,1
31,369,0
151,1464,1
285,592,1
36,583,0
392,570,0
626,1524,1
55,1442,1
869,1067,1
1160,1190,1
248,890,0
106,440,1
119,657,1
1270,1473,1
493,699,0
1301,1339,1
1321,1396,1
313,899,0
167,256,0
424,437,1
416,502,1
36,120,0
12,535,0
1246,1540,1
287,1363,1
242,326,0
52,891,0
1285,1290,1
394,1281,1
1515,1542,1
295,838,1
188,1397,1
63,1285,1
3,404,1
306,1567,1
197,501,1
138,148,1
71,702,0
57,103,0
1275,1302,1
1271,1299,1
586,1423,1
49,153,1
552,709,0
677,1050,1
545,1301,1
195,271,0
197,238,0
43,92,0
223,1446,1
38,626,1
90,1525,1
52,540,0
286,632,1
84,529,0
262,474,0
53,1497,1
43,1423,1
331,516,0
535,758,0
267,394,0
67,772,0
787,1067,1
223,1541,1
263,730,0
31,269,0
62,555,1
177,613,0
498,607,0
65,1301,1
724,913,0
1262,1333,1
460,555,1
463,1314,1
99,632,1
1079,1123,1
58,1517,1
408,781,0
479,1520,1
285,726,1
551,582,0
1290,1307,1
482,1397,1
513,616,0
475,788,0
838,1519,1
658,661,1
408,508,0
257,1517,1
264,869,1
20,440,0
330,1333,1
1359,1509,1
825,884,0
334,846,0
223,1160,1
1160,1437,1
1286,1423,1
62,205,1
936,978,1
550,680,0
402,652,0
49,839,0
196,514,0
285,1359,1
188,738,1
382,560,0
412,721,0
84,93,0
93,189,0
30,302,1
979,1160,1
325,485,0
433,1571,1
23,644,0
431,457,0
272,435,0
433,501,1
42,466,0
1160,1431,1
325,380,0
197,556,0
536,1493,1
326,361,0
714,789,0
564,593,1
909,1397,1
1465,1467,1
363,413,0
546,570,0
434,435,0
385,531,1
1160,1501,1
1527,1541,1
734,828,1
618,1271,1
1445,1473,1
714,735,1
7,585,0
785,787,0
764,769,1
18,788,0
140,517,0
30,1514,1
1363,1545,1
592,676,0
7,1495,1
1299,1501,1
1290,1373,1
463,475,0
221,466,0
303,541,0
40,412,0
21,345,0
12,597,0
1351,1466,1
31,896,0
170,511,0
520,1270,1
1373,1450,1
1242,1261,1
206,363,0
1340,1350,1
150,415,0
1294,1314,1
157,750,0
433,558,0
701,742,0
1330,1331,1
320,328,1
163,550,0
131,727,0
205,536,1
408,613,0
119,280,0
32,35,0
408,555,0
45,657,0
153,1464,1
674,889,0
115,1395,1
355,493,0
1430,1446,1
654,835,0
49,413,0
223,1528,1
378,1423,1
355,702,0
476,742,0
38,269,0
1261,1520,1
1063,1469,1
635,1363,1
209,415,0
582,707,0
1423,1565,1
228,476,0
167,1063,1
351,434,0
326,370,0
562,985,1
188,723,0
30,207,1
760,772,1
41,144,0
77,828,0
334,1423,1
1265,1378,1
544,552,1
545,1493,1
421,663,0
18,258,0
1550,1566,1
177,363,0
166,565,0
71,503,0
771,1315,1
284,463,0
555,1497,1
838,891,1
531,873,0
188,597,1
531,1063,1
556,561,0
1050,1436,1
338,594,0
336,772,0
1319,1495,1
719,1553,1
81,838,1
87,252,0
1311,1489,1
962,977,1
63,1501,1
415,472,1
172,257,0
25,308,1
223,324,1
35,341,0
1261,1386,1
7,1359,1
113,1395,1
55,1261,1
1270,1363,1
77,1520,1
370,636,0
209,267,0
61,641,0
891,1553,1
1477,1519,1
1278,1279,1
7,657,0
1451,1567,1
158,454,0
123,228,0
86,288,0
180,196,0
1496,1524,1
273,536,1
106,795,0
1517,1542,1
299,578,0
45,249,0
330,758,0
294,461,0
560,689,0
41,550,0
331,508,0
310,837,0
73,1338,1
267,323,0
453,674,0
228,252,1
564,571,1
1261,1541,1
125,477,1
68,644,0
1058,1423,1
437,500,0
520,1515,1
153,1393,1
1261,1279,1
150,352,0
1292,1393,1
586,1549,1
734,1314,1
92,467,0
528,676,0
384,518,0
772,874,1
554,787,0
596,631,0
21,888,0
148,263,0
924,936,1
217,891,0
406,1063,1
351,643,0
739,869,1
236,310,0
119,375,0
555,1437,1
220,474,0
1262,1347,1
303,888,0
429,754,0
1105,1436,1
79,641,0
30,1430,1
60,478,0
457,542,0
577,653,0
835,899,0
34,183,0
537,756,0
1261,1511,1
869,1429,1
32,613,0
325,859,0
1160,1378,1
36,102,0
368,873,0
435,752,0
71,90,1
30,653,1
90,1517,1
1493,1498,1
1344,1347,1
1363,1384,1
400,555,1
152,430,0
552,838,1
112,1311,1
1265,1270,1
256,583,0
77,388,0
571,1520,1
46,359,0
262,622,0
1375,1493,1
63,1255,1
1160,1316,1
324,632,1
53,857,0
1063,1445,1
87,748,0
363,531,1
71,271,1
352,835,0
223,1423,1
1285,1444,1
170,1576,1
176,425,0
5,336,0
154,674,0
1442,1557,1
523,1477,1
1393,1445,1
1252,1426,1
323,369,0
2,460,0
441,643,0
522,549,0
1063,1567,1
622,838,1
1218,1304,1
6,1532,1
458,886,0
894,1363,1
731,1566,1
226,295,0
846,867,0
1290,1374,1
626,1375,1
1319,1503,1
1327,1557,1
90,1557,1
657,760,0
79,417,0
52,198,0
1265,1363,1
177,608,0
26,197,0
1309,1514,1
1304,1544,1
1445,1447,1
305,547,1
342,788,0
242,1541,1
502,517,0
310,689,0
170,176,0
234,453,0
384,441,0
280,394,0
151,1374,1
555,1567,1
199,894,1
600,911,1
1319,1363,1
75,266,0
330,884,0
90,92,0
63,1375,1
175,394,0
26,1567,1
320,518,0
382,514,0
457,467,0
341,349,0
205,970,1
1333,1388,1
241,727,0
199,1528,1
343,542,0
189,349,0
467,1271,1
337,547,0
657,709,0
644,867,0
1474,1520,1
111,793,0
341,798,1
331,477,0
838,1525,1
131,263,0
61,616,0
936,937,1
851,882,0
714,851,1
323,536,1
155,334,1
15,632,0
441,756,0
1296,1501,1
265,772,0
106,1540,1
153,1307,1
490,625,0
1474,1502,1
643,737,0
266,342,0
556,838,1
55,1343,1
453,503,0
1279,1567,1
182,309,0
140,632,0
285,557,1
89,310,0
113,211,1
337,388,0
19,659,0
7,503,0
564,813,0
148,180,1
63,1423,1
541,1541,1
151,1528,1
25,1423,1
560,561,1
334,1465,1
158,406,0
635,680,0
1277,1473,1
30,1319,1
289,766,1
1363,1527,1
153,1542,1
1261,1327,1
1307,1444,1
1106,1123,1
166,575,0
1271,1273,1
106,328,0
641,644,1
41,591,0
90,1160,1
522,840,0
459,547,0
114,375,1
320,474,0
519,531,0
869,1255,1
1489,1501,1
520,558,0
35,99,0
557,1451,1
1253,1493,1
909,1363,1
405,610,0
517,865,0
234,285,1
121,657,1
511,756,0
170,1553,1
289,830,0
42,194,0
715,724,0
90,1380,1
933,936,1
632,1508,1
349,1501,1
1398,1431,1
406,527,0
1265,1528,1
617,869,1
711,750,0
154,341,0
154,644,0
349,540,0
1160,1520,1
1359,1364,1
344,838,1
82,180,0
195,523,1
26,896,0
714,1465,1
382,626,1
626,737,1
156,714,1
391,687,1
62,430,0
109,755,0
62,93,0
1257,1261,1
127,714,0
545,554,1
336,349,0
497,527,0
1271,1520,1
60,331,0
1320,1550,1
1275,1390,1
1423,1426,1
227,719,0
1242,1262,1
84,519,0
1477,1520,1
55,1419,1
680,1067,1
560,733,0
120,703,0
1375,1539,1
234,415,0
464,469,0
351,375,1
424,585,0
116,150,0
232,690,0
339,618,0
147,549,0
63,1465,1
1338,1423,1
796,1397,1
516,522,1
1249,1285,1
115,404,1
331,511,0
1285,1314,1
433,508,1
714,715,1
336,838,1
152,201,0
965,1160,1
1363,1470,1
301,344,0
134,504,0
207,643,0
502,789,1
711,1493,1
535,711,1
14,241,0
1270,1272,1
1436,1493,1
1261,1387,1
451,1307,1
1539,1561,1
641,787,0
196,707,0
316,1063,1
194,273,0
1218,1271,1
89,424,0
936,938,1
100,271,0
382,393,0
41,661,1
545,1553,1
249,711,0
295,555,1
1261,1445,1
188,391,0
1281,1378,1
172,571,0
1436,1541,1
1105,1541,1
434,467,0
1495,1497,1
71,542,0
1248,1307,1
445,764,0
521,1465,1
289,406,0
209,508,0
45,609,0
1423,1486,1
720,1125,1
1298,1327,1
477,501,1
479,517,1
451,625,1
355,527,0
39,368,0
1307,1550,1
517,623,0
536,889,1
127,748,0
106,1512,1
153,514,0
393,556,0
792,855,0
1423,1483,1
711,727,0
392,424,0
1436,1518,1
571,641,0
544,862,0
157,652,0
1416,1423,1
113,1423,1
207,1333,1
375,635,1
1301,1359,1
739,1253,1
720,748,0
225,562,0
191,271,0
1304,1305,1
667,787,1
212,330,1
53,894,1
275,1307,1
284,289,0
194,555,1
92,894,0
170,555,1
309,370,0
1285,1367,1
165,466,0
59,527,0
1160,1363,1
182,196,0
389,1160,1
435,470,1
696,726,1
99,158,0
457,701,0
267,731,0
409,475,1
676,754,1
1444,1466,1
361,730,0
121,523,0
513,522,1
1160,1423,1
118,516,0
285,416,1
1465,1480,1
1262,1426,1
434,909,0
25,1402,1
49,222,0
1501,1573,1
535,575,0
1512,1550,1
324,615,0
63,1451,1
138,297,0
309,348,0
316,551,0
1309,1311,1
1309,1403,1
1378,1567,1
433,443,0
453,874,0
119,120,1
64,727,0
838,1540,1
677,1567,1
252,696,0
242,1160,1
405,406,1
45,146,0
223,1426,1
1465,1572,1
285,787,1
189,265,0
406,565,0
772,1493,1
1290,1308,1
227,478,0
160,280,0
334,544,0
1363,1375,1
344,585,0
430,1063,1
288,643,0
724,750,0
707,756,0
1520,1522,1
286,721,0
663,722,0
224,685,0
504,798,1
1473,1474,1
49,1493,1
1239,1387,1
341,700,0
508,1458,1
146,785,0
180,712,0
362,500,0
264,370,0
469,1465,1
160,337,0
411,615,0
201,431,0
223,547,1
79,596,0
228,659,0
19,859,0
504,737,0
430,896,0
249,416,0
295,1520,1
536,727,0
1327,1359,1
1265,1426,1
339,731,0
1430,1539,1
404,479,1
644,813,0
59,388,0
163,191,0
524,585,0
221,652,0
5,717,0
623,657,0
1397,1567,1
248,766,0
280,331,0
59,384,0
1253,1397,1
85,1517,1
348,825,0
502,551,0
874,933,1
555,1262,1
166,755,0
46,1063,1
1444,1503,1
46,49,0
123,434,0
1327,1423,1
358,613,0
1063,1359,1
209,254,1
1261,1421,1
39,262,0
82,508,0
113,212,0
644,1397,1
680,1050,1
1365,1375,1
1,911,0
111,886,0
674,717,0
263,493,0
459,546,0
1160,1515,1
232,545,0
637,1160,1
739,1567,1
5,217,0
106,445,1
579,661,0
1358,1489,1
1279,1304,1
658,1407,1
1307,1541,1
294,707,0
45,183,0
1058,1477,1
109,554,0
1429,1489,1
302,1285,1
357,479,1
21,850,0
1270,1485,1
45,470,0
1493,1527,1
562,884,0
348,755,0
265,343,0
490,681,0
153,1515,1
617,1451,1
771,1433,1
460,1340,1
374,516,0
413,873,0
30,1517,1
461,556,0
55,1285,1
380,474,0
1473,1557,1
30,1423,1
189,737,0
1296,1423,1
157,365,0
653,894,1
62,889,1
924,934,1
1493,1541,1
544,693,0
554,837,0
1246,1270,1
453,727,0
1436,1452,1
334,1550,1
593,594,1
15,687,0
1359,1473,1
272,723,0
249,737,0
1255,1378,1
86,172,0
93,324,1
451,1426,1
517,1375,1
631,715,0
221,531,0
69,336,0
207,361,0
286,724,0
301,498,0
1296,1464,1
53,652,0
217,472,0
37,403,0
8,867,0
978,1105,1
289,585,0
657,1253,1
1318,1320,1
1377,1560,1
425,678,0
36,77,0
226,636,0
625,855,0
337,629,0
1363,1473,1
258,855,0
63,1469,1
1363,1446,1
34,120,0
285,1265,1
302,1539,1
1253,1497,1
1320,1328,1
405,1465,1
62,1512,1
113,683,1
392,593,0
65,1304,1
369,467,0
1363,1383,1
155,772,1
1444,1452,1
459,736,0
152,494,0
207,680,0
1375,1542,1
1484,1509,1
1160,1265,1
1464,1493,1
64,166,0
424,869,1
1160,1517,1
505,730,0
287,1528,1
632,859,0
382,543,1
635,1304,1
1270,1475,1
30,1265,1
786,1515,1
352,464,0
479,888,1
328,342,0
1272,1315,1
136,363,0
1160,1389,1
715,752,0
601,629,0
254,478,0
68,1576,1
1338,1484,1
232,463,0
30,1464,1
1378,1541,1
425,771,0
156,564,0
1260,1261,1
674,696,0
1515,1528,1
385,535,0
361,607,0
217,523,0
495,588,0
305,796,0
408,1519,1
600,858,0
18,666,0
1273,1509,1
711,1567,1
209,522,1
355,735,0
99,304,0
245,543,1
541,730,0
711,1309,1
30,1484,1
182,564,0
494,911,0
378,687,0
197,659,0
234,545,1
393,659,0
15,505,0
681,1050,1
167,308,0
65,464,0
786,911,0
287,1517,1
873,874,1
1,265,0
65,701,0
34,1301,1
30,1402,1
494,766,0
15,1513,1
1262,1501,1
21,85,0
209,422,0
90,1519,1
265,838,1
297,433,0
1314,1495,1
657,729,0
1262,1272,1
1,340,0
34,519,0
158,608,0
528,577,0
433,1285,1
155,497,0
520,644,0
571,1067,1
1044,1045,1
262,564,0
301,362,0
1477,1572,1
255,758,0
2,37,0
189,425,0
739,838,1
479,1429,1
608,1105,1
102,837,0
14,111,0
106,1292,1
485,687,0
388,764,0
1321,1489,1
233,867,0
25,867,0
61,536,0
52,661,0
717,723,1
496,723,0
14,722,0
138,351,0
929,1436,1
205,1519,1
266,542,0
635,657,0
547,583,0
102,1576,1
1262,1520,1
327,429,0
30,1498,1
267,273,0
546,750,0
272,1375,1
80,583,0
163,358,0
226,724,0
170,342,0
376,859,0
457,752,0
156,1063,1
36,199,0
285,658,1
125,269,0
1358,1375,1
504,558,0
188,249,0
1340,1520,1
521,1423,1
536,724,0
1419,1477,1
245,422,0
331,889,0
1255,1361,1
726,869,1
46,200,0
58,254,0
345,577,0
443,792,0
88,289,0
408,750,0
9,547,0
53,615,0
34,189,0
157,839,0
227,1105,1
248,342,0
479,766,1
1270,1527,1
106,1568,1
659,793,0
422,555,1
585,617,0
306,555,1
1307,1423,1
41,1351,1
121,441,0
12,724,0
522,709,0
1281,1493,1
68,93,0
786,1498,1
507,591,0
443,1384,1
225,932,1
136,294,0
367,659,0
1423,1471,1
349,851,0
111,337,0
37,564,0
93,623,0
616,1567,1
1351,1387,1
62,363,0
1442,1485,1
855,1050,1
163,740,0
394,555,1
577,640,0
445,520,0
286,615,0
115,932,1
3,112,0
3,835,0
157,334,1
593,795,0
785,1368,1
25,724,0
735,1397,1
248,592,0
31,336,0
42,501,0
63,1383,1
519,829,0
337,578,0
92,556,0
1423,1566,1
154,205,0
327,618,0
944,1204,1
153,555,1
103,183,0
263,538,0
182,544,0
1313,1365,1
233,485,0
1465,1502,1
191,459,0
338,593,0
84,328,0
30,31,1
789,1528,1
730,1426,1
1375,1424,1
412,552,0
424,685,0
95,106,1
475,661,0
539,914,0
1309,1486,1
1244,1433,1
726,772,1
90,360,0
292,520,0
1189,1265,1
118,630,0
1328,1331,1
153,394,1
368,500,0
3,838,1
1336,1355,1
1520,1523,1
501,536,1
475,912,0
1446,1493,1
403,719,0
343,474,0
26,1291,1
601,840,1
696,838,1
276,711,0
423,626,1
1285,1375,1
526,531,1
430,443,0
502,1160,1
6,485,0
69,785,0
150,375,0
1291,1352,1
226,564,0
290,352,0
1253,1426,1
1160,1375,1
1301,1399,1
272,589,0
2,40,0
255,402,0
786,1520,1
461,734,0
123,522,0
1451,1465,1
212,575,0
304,701,0
130,294,0
2,739,0
176,301,1
504,1567,1
382,1528,1
424,497,0
394,1451,1
388,1359,1
271,337,0
40,593,0
57,1465,1
1358,1363,1
433,1451,1
71,272,0
441,1451,1
36,304,0
396,1063,1
433,622,1
264,412,0
653,1307,1
683,714,1
155,825,0
223,1501,1
203,825,0
5,729,0
191,316,1
280,654,0
228,447,0
631,632,1
224,899,0
82,1363,1
414,505,0
447,485,0
517,840,0
285,1319,1
86,106,1
507,535,0
81,176,0
1271,1475,1
376,755,0
626,1384,1
352,424,0
443,478,0
5,193,0
19,64,0
383,414,0
1501,1539,1
340,544,0
996,1397,1
365,443,0
211,885,0
256,570,0
1279,1472,1
8,618,0
453,467,0
401,795,0
466,839,0
571,1567,1
1457,1515,1
1301,1340,1
1314,1328,1
479,657,0
460,1426,1
102,1160,1
478,712,0
106,1501,1
935,938,1
545,600,1
14,721,0
361,798,0
623,858,0
266,320,0
207,272,1
134,459,1
12,687,0
61,416,0
212,528,0
914,1292,1
1301,1363,1
322,1457,1
1363,1572,1
1343,1493,1
25,365,1
1261,1293,1
306,1375,1
370,838,1
42,394,0
1319,1423,1
61,369,0
79,507,0
1244,1260,1
405,539,0
233,266,1
402,838,1
653,1262,1
720,796,0
529,729,0
301,608,0
232,1524,1
658,1553,1
12,489,0
40,657,1
424,714,1
207,711,1
151,1520,1
1423,1481,1
242,384,0
374,562,0
205,1375,1
284,551,0
138,423,0
552,729,0
730,913,0
188,915,1
726,1105,1
313,445,0
53,1517,1
323,850,0
555,1409,1
501,764,1
285,909,1
199,1246,1
75,882,0
245,1063,1
479,884,1
223,265,1
451,500,0
105,727,0
1304,1417,1
176,626,0
297,549,0
600,635,0
425,733,0
552,562,1
87,221,0
1262,1446,1
152,423,0
58,589,0
30,1523,1
107,331,0
1316,1359,1
825,1301,1
39,288,1
658,1067,1
254,593,0
80,343,0
260,470,0
207,1262,1
106,1285,1
400,578,0
582,733,0
30,1570,1
177,674,0
479,521,1
2,260,0
55,1515,1
223,1277,1
77,102,0
1295,1303,1
285,838,1
288,324,1
516,798,0
115,1465,1
90,303,0
320,338,0
15,731,0
579,618,0
121,1560,1
127,685,0
263,873,0
37,891,0
325,362,0
114,635,1
467,653,0
95,569,0
696,1397,1
1473,1520,1
403,659,0
285,433,1
299,736,0
493,501,1
327,596,0
1359,1389,1
575,788,1
552,681,0
571,894,1
197,403,0
285,1517,1
106,116,1
433,1309,1
714,1067,1
316,369,0
68,835,0
46,89,0
59,867,0
374,597,0
520,521,1
433,562,1
52,330,0
1277,1464,1
120,411,0
1223,1465,1
21,26,1
771,1475,1
1284,1308,1
102,327,1
658,1292,1
1105,1397,1
234,724,0
387,479,1
75,391,0
150,369,0
451,1380,1
1285,1297,1
260,577,0
191,475,0
75,1517,1
1307,1358,1
1423,1541,1
1285,1309,1
339,472,1
578,579,1
626,1359,1
115,1383,1
1160,1246,1
31,1520,1
258,469,0
838,1105,1
408,447,0
1223,1292,1
62,429,1
195,577,0
463,1273,1
400,1423,1
374,552,0
707,837,0
90,188,1
632,1567,1
1278,1390,1
49,717,0
1423,1474,1
1261,1466,1
1307,1359,1
437,884,0
167,490,0
369,914,0
527,543,0
1423,1568,1
538,1397,1
324,666,1
472,796,0
541,1567,1
166,234,0
205,490,0
204,324,0
106,430,0
245,557,0
392,578,0
85,233,1
1297,1497,1
31,84,0
608,680,0
1558,1566,1
676,1063,1
113,290,0
1370,1423,1
114,894,0
490,1301,1
508,1063,1
1270,1333,1
1301,1331,1
453,1457,1
586,733,1
267,652,0
34,406,0
289,540,0
70,347,0
228,464,0
259,722,0
1407,1423,1
622,636,0
424,1499,1
84,792,0
301,501,0
188,582,1
658,1462,1
1328,1363,1
205,1423,1
1261,1319,1
447,558,0
140,889,0
1423,1473,1
622,1063,1
111,631,0
57,789,1
714,1063,1
205,1512,1
220,913,0
528,596,0
1304,1359,1
151,279,0
160,583,0
424,1374,1
539,1105,1
1390,1423,1
1304,1371,1
25,1532,1
60,550,0
1261,1375,1
1473,1475,1
241,521,1
225,490,0
454,535,0
67,146,0
721,726,1
425,1493,1
724,829,0
223,1292,1
1423,1479,1
8,701,0
71,914,0
387,511,0
30,1540,1
158,459,0
81,501,0
177,742,0
271,416,0
472,1292,1
756,884,0
441,551,0
1307,1506,1
375,891,1
415,1301,1
545,689,1
433,1363,1
1218,1242,1
405,1528,1
1466,1473,1
256,349,0
722,731,1
84,570,0
557,731,0
433,540,1
490,915,0
294,915,0
257,482,0
285,1387,1
285,1508,1
113,795,0
1338,1520,1
1270,1311,1
297,384,0
538,540,0
711,1290,1
519,545,1
632,1423,1
714,927,1
99,367,0
207,1063,1
172,740,0
368,374,1
523,1307,1
653,1363,1
1186,1228,1
330,447,0
305,396,0
1259,1567,1
285,545,1
121,359,0
25,1474,1
451,1474,1
34,287,0
795,858,1
546,693,0
320,577,0
1444,1541,1
451,1319,1
528,583,0
63,1363,1
729,1160,1
385,555,1
1498,1542,1
273,1397,1
41,786,1
304,493,0
150,193,0
118,631,0
325,722,0
106,295,1
702,1541,1
739,1397,1
440,457,0
123,496,0
123,607,0
163,467,0
331,562,0
1314,1466,1
524,674,0
6,600,0
328,641,0
1309,1528,1
183,406,1
417,858,0
226,497,0
1262,1265,1
209,451,0
376,754,0
725,751,0
259,661,0
339,725,0
1252,1253,1
7,1517,1
183,725,0
502,557,0
1444,1451,1
288,1331,1
205,737,0
62,357,1
589,1397,1
120,387,0
382,1261,1
130,771,0
609,742,0
514,840,0
42,1493,1
1309,1423,1
63,1311,1
1512,1566,1
1340,1501,1
191,1465,1
18,485,0
659,711,0
461,476,0
355,1540,1
49,204,0
1473,1527,1
631,829,0
160,717,0
608,667,1
233,367,0
1423,1557,1
535,1384,1
260,503,0
454,1125,1
850,913,0
546,582,0
625,911,0
1431,1493,1
245,1567,1
495,1493,1
324,433,1
434,555,1
1271,1477,1
629,1020,1
971,1199,1
1291,1493,1
199,301,0
195,793,0
106,1550,1
490,1291,1
153,365,0
342,413,0
152,643,0
320,739,0
478,663,0
15,518,0
280,384,0
543,608,0
445,552,0
92,1451,1
116,1396,1
1438,1444,1
7,637,0
1363,1380,1
666,714,1
441,511,0
258,264,1
205,659,0
1363,1472,1
67,594,0
55,134,0
115,1474,1
723,915,0
383,415,0
152,158,0
65,134,0
404,405,1
30,234,1
167,258,1
42,233,0
440,479,1
1315,1329,1
720,888,0
39,539,0
80,151,1
344,463,0
555,1292,1
49,52,0
616,674,0
242,273,0
489,874,0
1285,1493,1
1290,1557,1
719,1160,1
111,225,1
118,414,0
378,562,0
586,1446,1
289,729,0
840,850,0
1301,1370,1
1437,1444,1
163,479,0
714,889,1
262,292,0
330,1304,1
1361,1435,1
260,303,0
228,720,0
31,700,0
421,829,0
1307,1326,1
180,549,0
433,511,1
166,666,0
53,846,0
1375,1528,1
461,894,0
77,739,0
551,608,0
153,696,0
163,795,0
1436,1515,1
224,742,0
451,1363,1
154,288,0
382,1160,1
207,330,1
63,1457,1
59,374,0
1320,1382,1
197,625,0
65,127,0
279,294,0
147,221,0
1489,1539,1
39,66,0
148,295,1
1077,1304,1
49,58,0
66,635,1
60,539,0
1319,1393,1
1493,1520,1
632,828,1
1359,1437,1
635,693,0
501,597,0
121,195,0
144,683,0
420,1063,1
1338,1567,1
328,345,0
92,163,0
82,769,0
136,663,0
34,158,0
629,758,0
351,727,0
1311,1520,1
558,724,0
626,1567,1
464,789,0
477,696,1
119,479,0
42,57,0
889,1191,1
90,591,0
719,839,0
472,1451,1
835,846,0
222,301,0
245,1256,1
37,570,0
1489,1493,1
309,402,0
144,305,1
594,786,0
234,1550,1
1377,1446,1
440,840,0
368,678,0
63,285,1
60,616,0
65,657,0
302,609,0
46,152,1
479,520,1
365,420,0
64,508,0
165,1451,1
1218,1270,1
771,786,1
935,936,1
257,829,0
177,341,1
502,528,0
287,755,0
285,986,1
529,561,0
25,1160,1
676,1541,1
205,518,1
288,1568,1
463,729,0
730,1368,1
266,501,0
6,1340,1
564,874,0
158,497,0
207,915,0
191,829,0
564,594,1
389,561,0
1278,1282,1
460,1160,1
1261,1365,1
64,233,0
726,891,1
195,322,1
155,280,0
285,1528,1
302,365,0
337,793,0
1426,1444,1
77,869,0
658,1426,1
886,888,0
297,341,0
188,764,0
517,632,1
233,1319,1
79,1363,1
334,1511,1
325,384,0
242,1517,1
1285,1321,1
217,460,0
106,1253,1
440,501,1
1445,1446,1
227,503,0
1477,1541,1
1328,1501,1
1276,1557,1
460,1541,1
477,754,0
256,367,0
575,1244,1
1261,1294,1
600,631,0
100,838,1
18,1468,1
391,447,0
155,1105,1
371,607,0
469,1541,1
1359,1501,1
1331,1423,1
90,1383,1
102,535,0
255,305,0
105,558,0
339,461,0
180,279,1
431,505,0
1317,1371,1
266,470,0
106,570,0
290,469,0
285,1363,1
433,554,1
1244,1337,1
211,730,0
551,594,0
249,756,0
77,262,0
1488,1570,1
60,165,0
203,255,1
1493,1542,1
339,582,0
30,1309,1
258,547,0
15,195,0
316,896,0
554,610,0
345,460,1
416,1512,1
737,912,0
479,523,1
394,1363,1
195,788,0
683,909,0
338,1278,1
1423,1498,1
69,565,0
1301,1437,1
151,1423,1
431,1541,1
115,1511,1
118,855,0
626,1272,1
241,1567,1
209,915,0
115,1528,1
68,1553,1
112,727,0
1370,1506,1
131,408,0
153,1451,1
55,325,0
1255,1355,1
497,676,0
226,370,0
331,630,0
1419,1520,1
211,500,0
105,493,0
1414,1423,1
380,680,0
93,681,0
234,470,0
77,1442,1
1363,1542,1
1338,1363,1
422,544,0
102,286,1
1426,1473,1
1484,1487,1
400,1363,1
196,404,0
175,422,0
596,1557,1
813,846,0
1359,1444,1
198,374,0
712,756,0
55,1567,1
423,431,1
681,699,0
735,838,1
328,899,0
77,152,0
160,443,0
1423,1506,1
474,890,0
362,528,0
30,609,0
351,1419,1
463,1295,1
254,376,0
470,636,0
601,607,0
443,591,0
1242,1304,1
32,150,0
1328,1557,1
248,771,0
408,666,0
40,55,1
19,21,0
115,1451,1
889,927,1
71,571,0
225,493,0
389,429,0
511,790,0
626,1383,1
199,1553,1
344,460,1
357,594,0
1314,1464,1
1299,1308,1
496,885,0
600,1541,1
554,730,0
505,524,0
301,555,0
585,652,0
106,1375,1
38,764,0
327,454,0
586,1363,1
1342,1343,1
53,233,0
1307,1446,1
644,869,1
411,501,0
95,284,0
736,862,0
513,591,0
1473,1515,1
42,45,0
3,1067,1
106,1527,1
53,742,0
899,1160,1
1260,1557,1
313,539,0
223,316,1
207,1328,1
365,1520,1
236,360,0
338,405,0
82,576,0
1261,1489,1
623,738,0
8,211,0
191,320,0
242,1436,1
726,1451,1
236,248,0
58,1512,1
355,551,0
472,1520,1
1058,1359,1
839,1567,1
262,667,0
189,497,0
1265,1321,1
658,1511,1
1275,1498,1
469,1377,1
637,1464,1
404,788,0
70,667,0
138,464,0
256,658,1
609,658,1
652,750,0
1248,1541,1
345,537,0
441,869,1
14,538,0
9,874,0
5,891,0
608,874,1
437,685,0
408,523,0
677,846,0
331,541,0
226,263,0
786,1343,1
1375,1567,1
151,1445,1
479,725,0
26,85,0
505,769,0
30,1270,1
508,630,0
285,1419,1
163,172,0
1160,1534,1
348,389,0
674,1520,1
115,1445,1
414,911,0
64,266,0
536,1465,1
734,1397,1
1416,1497,1
1307,1363,1
561,756,0
466,536,0
212,514,0
75,113,0
396,723,0
267,674,0
924,978,1
1160,1182,1
45,115,0
1301,1446,1
1376,1437,1
1495,1517,1
368,737,0
103,911,0
374,882,0
1263,1285,1
196,543,0
285,1446,1
326,576,0
1285,1511,1
292,1160,1
1261,1426,1
1444,1446,1
88,618,0
112,885,0
731,1511,1
309,357,0
433,577,0
59,693,0
7,543,0
703,1397,1
82,1291,1
1319,1541,1
303,589,0
1358,1520,1
392,393,1
485,835,0
626,1451,1
391,750,0
285,375,1
204,623,0
1310,1342,1
370,752,0
564,737,0
431,610,1
678,736,0
166,725,0
479,700,0
555,1319,1
384,546,0
155,1566,1
582,724,0
417,596,0
163,1436,1
242,894,0
345,1515,1
198,295,0
504,536,1
55,1292,1
693,703,0
565,1397,1
1408,1423,1
551,719,0
39,461,0
594,1493,1
583,703,0
363,374,0
305,348,0
66,696,0
222,643,0
894,1527,1
222,541,0
1361,1567,1
571,576,1
501,502,1
1387,1446,1
437,699,0
331,334,0
155,865,0
233,830,0
325,702,0
167,429,0
127,641,0
211,693,0
212,550,0
62,392,0
163,829,0
597,838,0
405,521,1
172,685,0
738,750,0
194,440,0
19,615,0
14,183,0
737,1464,1
1380,1481,1
37,334,0
552,909,0
374,437,0
77,886,0
615,1363,1
148,828,0
170,714,1
151,1429,1
1389,1473,1
756,1495,1
539,1067,1
522,623,0
1423,1445,1
227,265,1
516,725,0
209,544,0
1063,1460,1
838,1397,1
392,701,0
1050,1397,1
326,725,0
463,626,1
569,751,0
618,1501,1
20,583,0
258,644,0
637,1566,1
262,368,0
1247,1284,1
1311,1363,1
68,764,0
355,727,0
308,760,0
652,683,0
1378,1426,1
146,299,1
1285,1343,1
536,838,1
59,406,0
358,529,0
1261,1363,1
107,1397,1
160,252,0
15,308,0
150,593,0
721,838,1
115,1489,1
501,545,1
733,764,0
285,1407,1
12,43,0
32,443,0
45,138,0
1433,1473,1
1271,1308,1
106,1246,1
41,55,1
212,341,0
224,886,0
73,233,1
41,1363,1
787,796,1
347,840,0
422,424,1
14,793,0
1397,1566,1
223,1359,1
1309,1465,1
200,420,0
477,1541,1
760,886,0
111,228,0
516,622,0
234,507,1
144,284,1
238,609,0
1497,1560,1
204,1567,1
30,1375,1
12,227,0
66,95,0
241,709,0
361,760,0
343,430,0
424,433,1
21,798,0
625,658,1
175,358,0
31,62,0
326,1359,1
285,498,1
457,593,0
334,1436,1
144,177,0
153,384,0
113,859,0
134,766,0
351,1253,1
1307,1520,1
45,86,0
738,1160,1
75,472,0
707,888,0
155,221,0
330,1067,1
248,1430,1
95,347,0
1320,1473,1
411,618,0
89,285,1
1292,1480,1
1327,1365,1
127,330,0
114,1314,1
349,748,0
1437,1446,1
1307,1567,1
894,1285,1
5,726,0
382,677,0
549,689,1
41,589,0
460,1423,1
837,840,0
241,1246,1
285,1301,1
552,688,1
232,301,0
82,151,1
1307,1428,1
109,657,0
30,1311,1
188,1420,1
850,1265,1
55,1160,1
292,355,0
95,172,0
591,748,0
234,421,0
1520,1555,1
43,222,0
328,714,1
1244,1253,1
267,641,0
416,577,1
196,362,0
1398,1445,1
564,1541,1
191,262,0
3,1050,1
1301,1355,1
322,1423,1
516,678,0
632,681,0
15,144,0
294,914,0
1423,1437,1
236,886,0
658,1374,1
564,615,1
188,1542,1
165,424,0
30,374,0
224,360,0
220,1464,1
272,1512,1
389,1375,1
3,1442,1
1255,1261,1
1304,1444,1
123,554,0
324,739,1
260,264,1
39,409,0
912,1292,1
347,739,1
1361,1503,1
384,838,1
207,671,0
556,707,0
453,867,0
1301,1520,1
63,635,1
521,529,1
731,758,1
412,542,0
413,485,1
238,857,0
466,615,0
631,754,0
258,696,0
6,368,0
299,707,0
375,979,1
766,1253,1
116,285,1
1307,1475,1
232,720,0
494,859,0
425,850,0
66,546,0
1253,1304,1
739,1467,1
430,750,0
326,411,0
158,305,0
112,343,0
65,540,0
561,586,0
493,772,1
522,1511,1
272,457,0
114,526,0
1300,1301,1
636,657,1
1252,1262,1
46,654,0
20,153,0
287,518,0
233,322,0
722,723,1
734,1567,1
1489,1540,1
80,267,0
308,560,0
68,89,0
1389,1567,1
265,352,1
37,84,0
68,569,0
699,736,0
1384,1496,1
223,320,0
1523,1527,1
144,285,1
460,813,0
55,884,0
368,750,0
3,55,1
1160,1540,1
485,561,0
717,1566,1
152,403,0
352,756,0
115,1375,1
285,1451,1
541,579,0
391,479,1
14,1502,1
374,517,0
433,517,1
1446,1515,1
1359,1567,1
1270,1550,1
9,597,0
579,867,0
617,1567,1
245,1335,1
1431,1451,1
1359,1430,1
538,663,0
423,582,0
500,1446,1
1484,1523,1
322,361,0
125,172,0
260,730,0
151,482,0
290,494,0
49,1528,1
25,1567,1
1468,1480,1
476,482,0
561,636,0
341,846,0
147,492,0
1285,1294,1
112,118,0
393,529,0
93,349,0
234,719,1
1316,1520,1
118,203,0
205,1063,1
375,658,1
30,1527,1
835,1292,1
88,1426,1
541,813,0
82,150,0
217,362,0
622,625,0
114,362,0
286,552,0
348,469,0
31,406,0
85,521,1
591,637,0
147,490,1
337,467,0
496,748,0
204,1160,1
301,681,0
1276,1296,1
477,1511,1
344,1160,1
20,434,0
228,723,0
1397,1446,1
322,869,1
519,720,0
496,586,0
1063,1525,1
193,517,0
622,720,1
42,421,0
586,1541,1
1442,1523,1
1451,1520,1
1423,1442,1
1301,1327,1
1423,1540,1
1472,1498,1
113,172,0
194,286,0
1465,1545,1
68,242,1
597,771,0
451,1520,1
362,729,0
413,527,0
234,359,1
92,425,0
555,1050,1
1299,1486,1
700,857,0
92,502,0
77,107,0
111,678,0
245,1363,1
42,846,0
551,1430,1
557,720,0
1359,1498,1
1520,1550,1
85,722,0
460,1363,1
153,1481,1
342,507,0
1375,1444,1
204,1477,1
343,667,0
58,284,1
414,507,0
889,1113,1
90,1419,1
894,1567,1
374,410,0
100,505,0
93,160,0
1437,1445,1
678,1050,1
193,430,0
324,326,1
323,1063,1
284,891,0
1355,1363,1
80,501,0
30,1462,1
294,681,0
1328,1423,1
597,890,0
241,1498,1
324,508,1
46,855,0
434,1512,1
1446,1451,1
109,146,0
170,400,1
1467,1541,1
284,403,1
228,540,0
579,719,0
1331,1339,1
323,477,1
1363,1489,1
933,937,1
172,610,0
146,212,0
138,825,0
838,1541,1
734,1380,1
287,1423,1
539,869,1
474,714,1
539,1518,1
564,570,1
3,355,0
560,980,1
188,457,0
1541,1560,1
345,485,0
522,632,0
1218,1262,1
1312,1423,1
100,463,0
233,378,0
199,1309,1
86,592,0
85,793,0
363,556,0
608,719,0
176,585,0
140,205,0
134,735,0
932,1063,1
475,813,0
613,838,1
1396,1444,1
565,722,0
262,320,0
1473,1481,1
528,653,0
495,850,0
271,514,0
50,543,0
838,1520,1
375,838,1
287,517,1
1307,1375,1
66,1451,1
440,539,0
501,792,0
1252,1304,1
1512,1541,1
112,891,0
543,546,0
367,683,0
196,392,0
26,156,0
87,890,0
589,688,0
431,1363,1
541,1407,1
138,869,0
198,886,0
1468,1502,1
564,681,0
68,196,0
1063,1528,1
92,576,0
206,561,0
232,1384,1
113,151,1
593,643,0
30,123,0
5,513,0
42,391,0
70,1363,1
50,857,0
87,330,0
206,286,1
569,1557,1
264,440,0
20,55,0
402,445,1
1386,1516,1
272,798,0
105,182,0
1244,1528,1
1290,1296,1
269,838,1
55,87,0
63,555,1
134,589,0
404,1503,1
331,835,0
236,561,0
280,579,0
258,294,0
396,760,0
524,885,0
37,363,0
685,771,0
55,180,0
394,511,0
90,544,0
45,119,0
1503,1515,1
55,858,0
504,793,0
324,709,0
285,1541,1
915,1397,1
790,1515,1
150,738,0
223,451,1
32,626,0
1307,1390,1
1423,1502,1
61,549,0
632,1160,1
310,370,0
1363,1493,1
52,238,0
479,501,1
286,1346,1
70,410,0
431,467,1
68,445,0
1321,1358,1
7,434,1
223,257,1
150,659,0
437,582,0
112,490,0
754,1397,1
172,582,0
470,683,0
31,338,0
722,855,0
304,415,0
400,479,1
34,740,0
1393,1527,1
267,331,0
543,1539,1
960,961,1
451,838,1
330,840,1
613,725,0
394,1567,1
221,874,0
363,496,0
1319,1389,1
591,751,0
460,677,0
383,678,0
433,1508,1
271,867,0
12,461,0
263,359,0
163,840,0
751,1199,1
267,764,0
1319,1515,1
475,1053,1
470,517,1
750,751,1
172,477,0
1359,1363,1
285,608,1
1470,1527,1
830,886,0
1,666,0
21,115,0
714,726,1
415,1063,1
326,330,0
113,402,0
3,223,1
1261,1444,1
150,632,0
635,1340,1
451,1053,1
355,463,0
334,1204,1
1253,1262,1
39,367,0
385,678,0
555,1384,1
1279,1515,1
360,389,0
522,885,0
550,565,0
542,886,0
383,467,0
45,424,0
479,1067,1
55,894,1
415,687,0
338,890,0
209,262,1
336,739,1
888,1227,1
170,295,1
151,172,0
271,723,0
223,1520,1
37,50,0
313,475,0
50,781,0
421,1567,1
152,334,0
658,996,1
677,687,1
529,552,1
222,839,0
394,479,1
146,1298,1
1497,1509,1
555,1182,1
1273,1426,1
1423,1550,1
75,693,0
338,685,0
423,722,0
501,825,0
195,617,1
1288,1358,1
114,460,0
658,707,1
199,391,0
31,1560,1
295,562,0
433,1499,1
617,859,0
199,737,0
140,490,0
495,575,0
389,600,0
500,626,1
275,674,0
113,503,0
166,596,0
57,632,1
266,451,0
109,297,0
286,635,1
1277,1426,1
155,157,1
125,266,0
170,754,0
829,912,0
204,271,0
113,793,0
212,309,0
305,369,0
285,1261,1
1423,1560,1
479,545,1
232,355,0
248,511,0
1331,1464,1
1275,1307,1
340,886,0
204,911,0
545,1053,1
731,785,0
1246,1473,1
334,1493,1
205,1528,1
68,87,1
62,258,1
531,579,0
771,788,1
1260,1433,1
9,607,0
1253,1299,1
236,1063,1
740,795,0
1331,1343,1
521,1160,1
479,632,1
154,334,1
68,1517,1
119,1568,1
1520,1542,1
1305,1464,1
205,234,1
424,609,0
15,796,0
1244,1567,1
458,589,0
123,166,0
30,223,1
610,1304,1
1246,1247,1
67,1403,1
275,352,0
30,1387,1
640,1363,1
191,511,0
266,793,0
134,362,0
220,899,0
378,884,0
677,678,1
600,658,1
53,337,0
1467,1502,1
59,781,0
1450,1503,1
561,909,0
279,607,0
93,211,0
403,1063,1
341,789,0
561,690,0
70,724,0
579,582,0
1292,1520,1
349,380,0
254,542,0
236,798,0
1285,1358,1
337,725,0
262,265,1
1403,1542,1
435,453,0
1304,1567,1
1301,1543,1
26,360,0
616,796,0
256,457,1
341,754,1
1244,1498,1
1405,1452,1
112,771,1
180,420,0
271,750,0
113,115,1
90,1541,1
411,478,1
114,286,1
50,632,0
1363,1368,1
615,752,0
383,541,0
1279,1457,1
424,1105,1
492,785,0
256,505,0
287,1567,1
338,915,0
288,365,0
113,220,0
79,175,0
134,389,0
1077,1262,1
1397,1508,1
8,34,0
514,615,0
569,680,0
23,554,0
322,1363,1
1451,1470,1
36,144,0
116,666,0
813,829,0
493,899,0
1251,1497,1
280,415,0
636,739,0
727,932,1
324,498,0
1423,1515,1
865,962,1
385,719,0
67,667,0
9,703,0
1260,1528,1
205,262,0
355,869,0
25,345,1
207,554,0
1307,1309,1
331,538,0
41,711,1
363,615,0
461,1343,1
323,738,0
57,64,0
245,1557,1
223,889,1
1257,1258,1
1261,1528,1
170,1451,1
8,520,0
391,562,0
170,285,1
113,421,0
71,79,1
740,896,0
30,1363,1
1260,1351,1
1333,1567,1
431,1307,1
493,751,0
106,400,1
77,850,0
131,352,0
197,479,1
148,197,0
330,600,0
586,1512,1
330,1446,1
413,516,0
34,191,0
894,1315,1
26,1423,1
115,349,0
200,1501,1
661,829,0
1290,1396,1
127,772,0
1397,1451,1
259,693,0
118,121,0
1278,1285,1
68,102,1
1286,1304,1
376,838,1
316,1465,1
361,558,0
310,412,0
285,1520,1
888,962,1
86,95,1
420,478,0
280,478,0
102,259,0
1462,1464,1
792,1515,1
457,485,0
116,550,0
1058,1519,1
279,369,0
31,758,0
113,1058,1
1270,1567,1
77,671,0
1541,1550,1
330,536,1
476,557,0
511,577,0
326,721,0
1423,1542,1
1378,1451,1
39,1477,1
136,1489,1
368,622,0
1277,1445,1
42,103,0
21,43,0
859,1511,1
264,413,0
199,414,0
182,524,0
331,351,0
1342,1363,1
1363,1498,1
591,687,0
1160,1285,1
607,626,0
405,677,0
63,183,0
140,514,0
71,151,1
387,865,0
370,583,0
299,513,0
1508,1549,1
359,825,0
348,889,0
451,479,1
38,342,0
285,1291,1
402,429,0
106,151,1
285,1498,1
45,267,0
70,717,0
495,536,1
323,586,0
227,421,0
731,735,1
1423,1476,1
265,1050,1
176,409,0
338,1289,1
30,1469,1
458,1519,1
324,476,1
755,1508,1
118,501,1
1327,1501,1
1304,1388,1
1467,1469,1
417,702,0
625,689,0
1103,1567,1
711,1319,1
7,1301,1
234,1540,1
723,764,0
1314,1509,1
3,453,0
221,474,0
504,693,0
513,552,1
564,796,0
1371,1423,1
348,838,1
1063,1204,1
285,1477,1
1304,1390,1
355,657,0
105,258,0
685,838,1
1359,1378,1
320,376,0
1266,1501,1
555,565,0
205,683,0
288,492,0
1277,1542,1
396,754,0
586,1451,1
233,788,0
552,722,0
610,626,1
170,324,1
148,175,1
370,869,0
263,570,0
545,557,1
42,1512,1
378,1359,1
77,736,0
134,349,0
260,1160,1
130,1374,1
232,1496,1
1423,1561,1
25,1515,1
304,511,0
1204,1270,1
472,701,0
813,840,1
238,714,1
60,118,0
260,545,0
1334,1540,1
188,666,0
217,264,1
1411,1423,1
271,565,0
739,1160,1
30,781,0
115,170,1
211,260,0
42,280,0
170,466,0
226,513,0
374,714,0
294,890,0
970,1132,1
1351,1567,1
838,911,1
330,1262,1
199,825,0
8,389,0
858,1397,1
433,1397,1
43,285,1
707,1363,1
338,909,1
494,536,1
1340,1423,1
36,52,0
388,688,0
140,151,1
316,785,0
485,754,0
1351,1433,1
38,721,0
14,1446,1
3,846,1
120,1520,1
30,1497,1
302,498,0
115,635,1
170,596,0
479,1053,1
115,183,0
375,899,1
443,1189,1
1255,1285,1
583,630,0
754,758,0
406,1160,1
658,1105,1
345,740,0
280,570,0
1361,1528,1
30,1380,1
77,792,0
1261,1503,1
410,653,0
223,1377,1
376,787,0
322,582,0
554,1553,1
75,290,0
1160,1223,1
112,463,1
793,1262,1
545,1511,1
119,1451,1
470,477,1
301,424,0
1363,1501,1
555,1550,1
374,539,0
49,1423,1
326,739,1
63,1402,1
308,374,0
433,594,1
543,564,0
121,840,0
597,874,0
116,170,1
125,554,0
1263,1304,1
1265,1493,1
236,342,0
615,688,0
477,565,0
434,795,0
1340,1359,1
696,1050,1
1550,1552,1
289,423,1
67,549,0
64,352,0
889,1397,1
153,245,1
365,514,0
292,1567,1
1334,1423,1
658,693,1
14,472,0
1462,1473,1
330,631,0
41,1262,1
769,977,1
536,631,0
42,1560,1
55,555,1
949,962,1
516,560,0
1308,1363,1
301,700,0
1304,1363,1
825,874,0
702,838,1
120,342,0
367,545,0
153,479,1
66,828,0
15,367,0
87,514,0
53,111,0
343,546,0
336,616,0
618,701,0
68,199,1
1561,1567,1
363,369,1
144,152,1
535,626,1
786,1363,1
123,1063,1
608,859,0
1484,1570,1
30,1501,1
285,1290,1
518,594,0
477,714,1
1285,1567,1
269,752,0
626,700,0
341,739,1
6,505,0
690,786,0
2,297,0
166,571,0
1359,1539,1
111,458,0
55,1430,1
189,667,0
1285,1316,1
330,502,0
1309,1363,1
666,1525,1
12,829,0
30,245,1
70,1442,1
111,308,0
62,1465,1
267,375,0
79,1517,1
555,760,1
1495,1545,1
100,472,0
197,368,0
87,862,0
316,370,0
84,265,0
760,858,1
32,507,0
1259,1446,1
401,760,0
556,630,0
115,263,1
245,1501,1
490,556,0
701,771,0
1249,1265,1
838,1429,1
430,725,0
303,1515,1
712,731,1
67,152,0
34,70,0
424,1525,1
555,720,0
42,859,0
31,257,0
703,752,0
555,1495,1
267,367,0
118,593,0
433,985,1
1321,1363,1
12,678,0
924,944,1
75,477,0
454,714,0
724,731,1
222,424,1
153,404,1
112,626,1
262,477,0
1442,1484,1
1363,1433,1
349,453,0
120,343,0
260,466,0
304,678,0
7,84,0
388,1160,1
285,1515,1
550,616,0
2,663,0
393,758,0
369,547,0
73,194,0
447,1387,1
60,180,0
1278,1304,1
374,885,0
479,867,1
234,1553,1
663,724,0
461,867,0
85,652,0
433,1423,1
472,1301,1
1351,1520,1
500,830,0
1356,1363,1
199,341,0
68,561,0
501,1419,1
285,1380,1
680,838,1
367,501,0
687,838,1
700,838,1
1105,1566,1
203,485,0
206,781,0
1466,1541,1
7,180,0
165,667,0
310,838,0
1218,1363,1
70,1368,1
382,496,0
148,158,1
12,492,0
182,242,0
120,1462,1
382,492,1
71,1517,1
388,497,0
275,626,1
635,1402,1
322,733,1
352,362,0
42,558,0
348,1426,1
1279,1502,1
337,1056,1
63,90,1
57,501,1
441,1374,1
1262,1346,1
445,889,0
58,585,0
1189,1249,1
555,915,1
52,528,0
85,391,0
144,267,0
63,912,0
248,623,0
592,594,1
420,489,0
125,792,0
451,1204,1
87,915,0
1318,1363,1
290,316,0
680,714,1
495,501,1
739,1502,1
511,596,0
569,1331,1
422,1499,1
77,404,0
370,479,1
158,1520,1
425,550,0
502,555,1
368,535,0
1292,1319,1
144,830,0
406,521,1
38,722,0
378,1451,1
272,781,0
156,596,0
659,1305,1
155,1493,1
102,285,1
52,1520,1
793,1557,1
269,636,0
25,1446,1
156,631,0
30,1160,1
726,1520,1
123,494,0
64,528,0
1359,1423,1
152,154,0
555,1265,1
38,727,0
1270,1271,1
212,583,0
45,663,0
1265,1539,1
290,454,0
1314,1358,1
451,1292,1
207,413,0
630,1541,1
376,549,0
1160,1527,1
62,873,0
336,470,0
838,996,1
320,485,0
472,869,1
6,1451,1
635,1250,1
265,571,1
120,280,0
935,1460,1
34,81,0
153,632,1
90,894,1
103,571,0
472,850,1
119,459,0
286,1160,1
441,874,0
148,383,0
1423,1520,1
571,702,1
50,652,1
140,733,0
828,838,1
760,1520,1
693,696,0
36,258,0
323,433,1
295,409,0
12,200,0
242,882,0
712,714,1
1442,1445,1
1473,1479,1
734,1446,1
924,938,1
93,792,0
890,1520,1
322,1063,1
894,1262,1
610,740,0
53,1528,1
46,460,0
1436,1445,1
482,1508,1
264,1063,1
118,913,0
635,1244,1
493,593,0
1160,1493,1
302,328,0
43,631,0
60,635,0
25,115,1
233,358,0
1457,1506,1
259,555,0
369,786,0
1540,1542,1
617,1363,1
82,1517,1
147,541,0
188,322,0
478,689,1
545,748,0
106,1576,1
193,494,0
722,796,0
279,351,0
5,411,0
557,1520,1
201,1063,1
81,884,0
224,674,0
93,326,1
1058,1451,1
1497,1512,1
73,592,0
477,658,1
1050,1451,1
437,703,0
1363,1481,1
1467,1480,1
324,1063,1
146,758,0
265,1397,1
252,1292,1
1426,1502,1
838,978,1
388,430,0
457,547,0
493,537,0
586,631,0
1319,1359,1
30,1528,1
37,495,0
221,576,0
357,409,1
479,885,1
200,434,0
1285,1331,1
944,1460,1
1314,1473,1
1437,1448,1
786,1301,1
285,610,0
325,1244,1
454,464,0
586,610,0
375,793,0
1566,1572,1
144,148,1
37,1499,1
77,423,0
788,1557,1
255,435,0
1279,1358,1
437,475,0
1111,1465,1
172,702,0
334,500,0
1160,1290,1
121,909,1
152,838,0
127,144,1
61,236,0
265,544,0
632,1397,1
264,657,0
769,886,0
409,504,0
521,552,1
1,35,0
267,494,0
1363,1475,1
393,1451,1
472,492,0
543,709,0
1464,1512,1
521,1246,1
260,497,0
130,703,0
1275,1542,1
9,1442,1
12,699,0
62,657,1
310,829,0
719,838,1
1350,1446,1
1406,1567,1
433,1541,1
451,461,1
586,1520,1
100,443,0
1275,1276,1
543,1375,1
1242,1244,1
345,693,0
100,204,1
434,511,0
147,666,0
1363,1387,1
45,89,0
30,1495,1
304,466,0
153,1359,1
41,228,0
342,865,0
37,731,0
151,304,0
618,862,0
507,909,0
15,112,0
53,1540,1
400,1464,1
3,6,1
1309,1550,1
798,840,0
285,1493,1
287,717,0
1301,1388,1
617,1160,1
1304,1503,1
90,1563,1
429,437,0
339,838,1
869,1160,1
835,1520,1
265,792,0
1279,1281,1
70,1517,1
369,561,0
1517,1570,1
726,1199,1
304,322,1
286,416,1
358,564,0
431,1304,1
330,537,0
885,912,0
326,588,0
153,1539,1
526,727,0
463,1363,1
70,401,0
265,543,0
466,667,0
337,529,0
401,597,0
1313,1363,1
600,714,1
30,813,0
290,671,0
290,720,0
23,556,0
285,869,1
40,579,0
422,537,0
286,479,1
189,520,0
70,120,0
405,631,0
209,678,0
1512,1572,1
258,303,0
264,273,0
1423,1431,1
609,850,0
1436,1438,1
61,320,0
361,371,0
615,813,0
165,167,0
2,594,0
264,857,0
107,1501,1
334,623,0
1393,1515,1
341,663,0
355,469,0
62,383,0
539,838,1
389,560,0
206,327,0
1291,1446,1
26,89,0
297,795,0
157,1541,1
766,1439,1
5,207,0
326,601,0
63,1464,1
113,1419,1
1160,1359,1
69,413,0
376,1359,1
155,514,1
153,1281,1
451,586,1
363,622,1
1430,1501,1
334,1541,1
61,367,0
1351,1489,1
203,502,0
383,601,0
90,1328,1
1314,1489,1
39,85,0
152,359,0
234,558,0
477,485,0
200,388,0
545,828,1
71,1436,1
39,431,0
70,618,0
1271,1304,1
34,891,0
557,1553,1
547,798,0
154,547,0
12,323,0
378,577,0
538,556,0
1151,1153,1
106,170,1
501,752,1
737,1260,1
89,1515,1
100,130,0
35,406,0
15,865,0
429,731,0
102,1493,1
155,1512,1
1541,1557,1
625,936,1
180,912,0
1431,1432,1
597,711,0
68,228,0
1304,1372,1
60,790,0
1390,1511,1
417,1063,1
292,787,0
1281,1542,1
1442,1470,1
42,299,0
585,640,0
59,756,0
1363,1517,1
114,404,1
582,630,0
30,1519,1
199,255,0
266,740,0
623,889,1
45,846,0
50,188,0
55,1328,1
49,1375,1
618,758,0
284,545,0
313,835,0
220,222,0
242,265,1
223,739,1
1502,1511,1
177,252,0
593,671,0
609,652,0
57,915,1
121,453,0
731,911,1
309,1063,1
1396,1527,1
323,325,0
338,1305,1
403,725,0
467,531,0
5,417,0
336,596,0
172,387,0
523,1541,1
90,671,0
658,1204,1
6,263,0
113,874,0
113,1560,1
637,828,1
607,622,1
671,792,0
678,689,0
1451,1473,1
165,885,0
292,678,0
115,1281,1
463,1386,1
30,1465,1
1344,1345,1
257,310,0
272,357,0
109,1375,1
58,785,0
172,700,0
5,735,0
102,1301,1
1512,1558,1
102,838,1
431,626,1
220,1307,1
341,772,0
38,680,0
304,536,1
415,678,0
503,652,0
387,616,0
89,1419,1
341,859,0
1270,1307,1
400,501,1
502,1519,1
715,729,0
492,538,0
394,739,1
1301,1387,1
53,254,0
238,748,0
60,425,0
1304,1489,1
349,435,0
25,1319,1
726,874,1
41,1328,1
1371,1501,1
209,1567,1
1495,1520,1
64,711,0
148,154,0
413,501,1
30,1340,1
341,501,0
106,153,1
1442,1450,1
158,594,0
337,413,0
352,401,0
493,787,0
224,659,0
150,279,0
194,570,0
1376,1386,1
1446,1524,1
1489,1527,1
1067,1397,1
109,846,0
345,362,0
652,721,0
200,402,0
55,1493,1
1514,1550,1
100,205,1
57,336,0
127,527,0
200,295,0
325,786,0
1399,1451,1
786,1247,1
622,855,1
726,1160,1
328,1063,1
259,476,0
8,554,0
389,564,0
62,1508,1
451,1436,1
985,1397,1
1256,1359,1
726,838,1
295,517,1
1285,1388,1
205,478,0
437,689,0
1281,1304,1
1311,1365,1
113,1477,1
302,1314,1
106,343,0
1358,1486,1
303,889,0
1393,1542,1
322,1464,1
12,119,0
63,1550,1
163,545,0
118,322,1
508,617,0
125,663,0
52,256,0
1045,1048,1
380,430,0
211,466,0
172,430,0
66,671,0
498,771,0
405,1502,1
658,885,1
107,209,0
1358,1367,1
14,57,0
674,912,0
156,498,0
503,549,0
541,712,0
711,1329,1
1363,1543,1
264,569,0
1457,1467,1
63,417,0
501,535,0
528,911,0
1396,1515,1
539,855,0
391,501,1
234,1477,1
316,558,0
8,191,0
1442,1570,1
23,527,0
1315,1426,1
234,371,0
6,1423,1
615,793,0
258,392,0
64,148,1
626,1489,1
327,899,0
781,855,0
68,412,0
324,838,1
536,545,1
748,909,0
114,351,1
157,1423,1
766,1520,1
359,404,0
421,600,0
65,417,0
359,1160,1
81,106,0
285,1540,1
266,1063,1
1442,1519,1
391,663,0
112,140,0
1,493,0
221,358,1
99,661,0
106,375,1
729,1050,1
1514,1572,1
43,323,0
393,546,0
326,546,0
40,693,0
59,688,0
121,785,0
552,711,0
365,652,0
630,742,0
658,726,1
555,1540,1
285,1552,1
625,738,0
433,1520,1
228,295,0
433,535,0
1294,1358,1
90,1430,1
46,531,1
200,370,0
447,594,0
1530,1541,1
223,227,1
18,106,1
545,1383,1
711,1489,1
492,1305,1
360,838,1
412,479,1
326,425,0
69,344,0
204,557,0
19,1291,1
170,740,0
378,494,0
343,406,0
241,1363,1
540,912,0
371,865,0
1515,1540,1
62,416,1
115,496,0
1279,1365,1
41,478,1
53,1520,1
384,1520,1
109,1359,1
726,1436,1
722,734,0
279,410,0
188,1340,1
115,1423,1
909,1285,1
63,1359,1
1309,1371,1
81,896,0
751,882,0
1301,1407,1
68,851,0
106,285,1
53,1246,1
249,616,0
193,196,0
21,114,0
410,535,0
1389,1423,1
153,264,0
460,1451,1
1246,1501,1
30,793,1
236,391,0
258,714,1
134,630,0
30,1359,1
470,721,0
119,696,0
334,591,0
723,724,1
120,529,0
453,1528,1
103,203,0
555,1444,1
58,478,0
1319,1527,1
637,838,1
786,1375,1
857,1567,1
71,402,0
1279,1363,1
424,1063,1
1384,1466,1
1270,1515,1
661,717,0
1465,1469,1
197,738,0
63,1467,1
378,1520,1
555,1363,1
109,1532,1
626,1335,1
565,667,0
272,1567,1
1276,1493,1
73,102,1
1465,1506,1
1327,1344,1
894,1351,1
241,375,0
158,188,0
41,396,1
57,248,0
85,207,1
677,795,0
632,680,1
1301,1312,1
693,889,0
365,549,0
238,331,0
55,224,0
61,680,0
279,503,0
82,551,0
1309,1493,1
326,873,0
266,790,0
1519,1523,1
227,549,0
217,252,0
1204,1541,1
380,1550,1
106,433,1
416,1451,1
306,497,0
467,626,1
236,591,0
657,731,0
1399,1423,1
113,1457,1
62,396,1
87,838,1
193,194,0
790,873,0
869,1050,1
1359,1506,1
571,1493,1
1310,1423,1
19,644,0
191,197,0
1255,1370,1
99,724,0
388,1436,1
220,1567,1
731,1397,1
73,116,0
8,414,0
112,375,0
200,501,0
837,1567,1
425,785,0
45,365,0
788,894,0
1338,1575,1
359,517,0
223,539,0
195,839,0
424,441,1
1557,1567,1
414,1160,1
1265,1481,1
527,552,1
6,1436,1
500,736,0
1261,1314,1
21,711,0
263,273,0
1542,1570,1
671,678,1
35,549,0
361,570,0
194,527,0
242,1398,1
376,722,0
308,1515,1
53,1515,1
87,617,0
1304,1520,1
529,623,0
212,909,0
537,1511,1
1475,1520,1
873,1567,1
115,1567,1
424,889,1
203,458,0
188,257,0
1261,1304,1
262,724,0
265,1519,1
79,1528,1
256,355,0
211,813,0
1304,1307,1
172,288,0
40,269,0
626,1557,1
63,1419,1
420,565,0
207,212,1
89,127,0
70,855,0
1218,1541,1
199,608,0
1378,1528,1
924,1105,1
144,564,0
1498,1515,1
463,731,0
482,793,0
781,899,0
421,640,0
1541,1558,1
182,1261,1
77,498,0
338,867,0
188,393,1
326,703,0
265,327,1
31,1301,1
30,1384,1
1419,1438,1
830,909,0
225,680,0
340,1423,1
120,544,0
299,641,0
242,322,1
378,435,0
391,865,0
454,492,0
1363,1366,1
1077,1387,1
1526,1527,1
654,715,0
1309,1316,1
431,1557,1
571,1511,1
828,1493,1
361,657,0
632,685,1
285,1285,1
95,1576,1
1340,1567,1
236,477,0
69,482,0
157,579,0
736,913,0
974,997,1
1304,1473,1
1515,1541,1
93,585,0
466,850,0
1265,1371,1
111,538,0
257,531,0
136,511,0
7,306,0
362,690,0
1256,1501,1
55,1253,1
680,979,1
285,555,1
223,752,0
1363,1437,1
37,348,0
189,204,1
1340,1489,1
106,1397,1
789,894,1
423,653,0
119,199,1
1246,1315,1
521,629,1
440,714,1
1253,1350,1
1390,1498,1
1359,1520,1
1446,1542,1
1473,1512,1
475,1063,1
63,1387,1
714,838,1
320,425,0
154,1436,1
1285,1515,1
63,147,0
121,725,0
245,1430,1
500,531,0
75,1160,1
50,242,0
150,607,0
138,722,0
45,415,0
431,1371,1
561,793,0
106,1541,1
5,158,0
52,538,0
46,503,0
258,771,0
501,1309,1
1477,1525,1
119,1553,1
263,414,0
35,217,0
1020,1493,1
1465,1466,1
334,410,0
795,912,0
382,1544,1
437,652,0
26,1501,1
549,915,0
349,420,0
66,1567,1
45,472,0
632,838,1
733,751,1
52,1567,1
254,702,0
717,865,0
68,365,0
423,1266,1
23,382,1
157,273,0
557,874,0
629,654,0
1370,1493,1
1470,1485,1
592,593,1
687,699,1
469,671,0
409,884,0
1279,1309,1
245,518,0
409,825,0
337,1539,1
196,714,1
30,1307,1
396,527,0
345,523,0
35,752,0
207,1445,1
39,522,0
234,1199,1
45,276,0
1304,1426,1
586,1465,1
204,1359,1
363,411,0
403,785,0
1260,1363,1
1358,1464,1
786,1285,1
1,721,0
30,1247,1
524,637,0
1321,1501,1
546,748,0
198,1423,1
138,837,0
393,911,0
557,687,0
1253,1263,1
460,838,1
86,482,0
106,527,0
365,579,0
1363,1544,1
479,593,0
400,435,1
116,1363,1
153,170,1
324,502,1
120,709,0
601,714,0
248,255,0
95,437,0
508,699,0
284,750,0
316,712,0
151,714,1
352,607,0
1265,1557,1
712,769,0
421,653,0
35,345,0
585,592,1
369,667,0
30,1249,1
542,696,0
207,735,0
340,414,0
125,839,0
334,1512,1
1320,1446,1
1090,1123,1
545,1451,1
385,1511,1
206,543,0
733,899,0
1063,1429,1
252,734,0
238,795,0
155,570,0
31,727,0
389,858,0
266,888,0
1301,1501,1
193,909,0
326,555,1
63,1328,1
194,798,0
242,257,1
626,1307,1
9,1520,1
1246,1248,1
554,1050,1
735,1541,1
402,479,1
285,288,1
112,1363,1
408,592,0
1469,1541,1
2,392,0
290,896,0
555,626,1
211,511,0
394,1498,1
653,742,0
45,477,0
20,538,0
144,165,0
193,323,0
1517,1553,1
1271,1307,1
739,1515,1
176,303,0
492,886,0
934,936,1
221,520,0
555,1338,1
1227,1228,1
555,1378,1
545,556,1
25,1419,1
443,1261,1
410,411,1
610,1305,1
84,106,1
457,869,1
464,715,0
118,586,0
1367,1501,1
151,1281,1
242,421,0
658,1451,1
1359,1402,1
285,475,1
601,689,0
1315,1489,1
42,254,0
285,632,1
87,913,0
913,914,0
1375,1557,1
46,490,0
408,798,0
245,409,0
1299,1489,1
285,1527,1
245,1304,1
211,687,0
1309,1519,1
348,722,0
1473,1483,1
541,1451,1
1277,1304,1
31,434,0
223,557,1
734,838,1
306,1407,1
915,1292,1
1380,1493,1
201,721,0
1423,1480,1
423,437,0
1423,1429,1
735,830,0
433,894,1
41,500,1
153,310,1
340,489,0
458,729,0
69,400,0
153,1261,1
393,561,0
1517,1540,1
393,1292,1
375,837,0
233,766,0
95,276,0
392,560,0
194,625,0
41,150,1
299,303,0
180,220,0
30,1442,1
653,1265,1
358,617,0
1285,1363,1
245,657,0
363,422,0
1249,1384,1
341,671,0
36,873,0
888,1520,1
49,437,0
266,615,0
207,733,0
454,687,0
19,485,0
544,643,0
424,529,0
1436,1444,1
264,355,0
1285,1542,1
479,724,0
130,228,0
334,1552,1
608,724,0
151,249,0
711,1265,1
410,632,0
102,1292,1
21,394,0
71,730,0
285,738,1
199,1532,1
182,526,0
362,469,0
153,327,1
520,1465,1
519,914,0
689,838,1
1301,1438,1
625,874,1
326,707,0
45,578,0
198,199,1
245,1321,1
469,846,0
30,1278,1
760,837,0
55,1359,1
632,1520,1
150,785,0
249,550,1
188,369,0
477,571,1
15,413,0
123,394,0
495,838,1
227,264,1
5,683,0
1309,1542,1
223,406,1
120,131,0
1308,1567,1
996,1541,1
663,889,0
14,224,0
324,543,0
536,996,1
838,885,1
583,707,0
1309,1343,1
77,709,0
153,248,1
503,505,1
369,388,0
55,1363,1
223,1363,1
121,615,0
351,542,0
102,479,1
65,299,0
153,1319,1
1,43,0
1292,1493,1
34,674,0
111,915,0
288,912,0
1517,1576,1
234,1525,1
608,755,1
121,552,0
769,851,0
265,722,0
325,363,0
115,1572,1
6,717,0
615,643,0
163,385,0
73,1540,1
1510,1557,1
82,577,0
176,324,0
347,629,0
384,711,0
220,828,0
295,476,0
463,550,0
150,622,0
180,457,0
71,550,0
116,516,0
220,228,0
569,915,0
380,425,0
23,730,0
1281,1292,1
557,882,0
67,429,0
106,1393,1
1298,1498,1
382,430,0
1290,1426,1
193,470,0
153,793,1
153,536,1
635,1261,1
263,316,0
786,1344,1
336,392,0
508,838,1
233,886,0
714,760,1
358,723,0
416,714,1
1320,1387,1
25,561,0
99,790,0
661,737,0
443,711,1
909,1493,1
257,351,0
20,388,0
177,443,0
504,551,0
555,1304,1
1436,1453,1
401,712,0
7,693,0
829,869,0
1265,1542,1
7,212,0
294,504,0
52,163,0
862,899,0
571,715,1
1497,1523,1
431,503,0
435,885,0
258,1063,1
118,309,0
130,325,0
1240,1307,1
479,830,1
414,739,1
1489,1545,1
40,330,0
344,835,0
92,715,0
701,714,1
1333,1557,1
92,840,0
55,1542,1
199,1307,1
1484,1542,1
643,838,1
38,41,1
273,299,0
163,677,0
498,526,0
31,32,0
1262,1473,1
472,739,1
87,502,0
636,838,0
394,1576,1
526,654,0
1242,1498,1
288,477,1
116,437,0
328,771,0
165,618,0
121,610,0
592,689,0
61,225,1
415,516,0
625,1397,1
339,796,0
38,1539,1
555,1522,1
589,758,0
503,677,0
1424,1489,1
241,284,0
601,914,0
1334,1493,1
507,913,0
3,540,1
413,758,0
1423,1428,1
80,138,0
269,1397,1
236,557,0
55,1301,1
326,1519,1
337,369,0
476,552,1
1252,1291,1
1,750,0
82,119,0
608,772,1
39,755,0
370,850,0
529,541,0
267,736,0
547,597,1
593,736,0
324,712,0
1410,1423,1
111,403,0
1370,1452,1
629,632,1
365,640,0
500,1260,1
714,1397,1
1328,1466,1
469,717,0
201,736,0
148,519,0
86,269,0
1541,1572,1
1319,1557,1
544,680,0
702,1050,1
191,204,0
417,714,1
474,726,1
79,1465,1
58,290,0
1255,1519,1
786,1339,1
425,493,0
64,622,0
63,1486,1
711,793,1
34,289,0
272,1532,1
987,1451,1
25,1363,1
1470,1520,1
130,576,0
405,630,0
297,658,0
511,637,0
514,1105,1
909,1262,1
102,527,0
414,835,0
8,874,0
275,341,0
493,683,0
155,838,1
520,1436,1
136,148,1
521,632,1
838,1464,1
409,1204,1
725,755,0
424,850,1
59,313,0
1291,1542,1
466,540,0
20,445,0
204,1517,1
39,401,0
31,447,1
258,521,1
696,792,0
569,1541,1
167,182,0
435,740,0
279,464,0
1063,1541,1
1304,1328,1
555,726,1
502,1541,1
420,798,1
320,874,0
361,441,0
1256,1430,1
20,1063,1
838,1493,1
850,1351,1
63,1265,1
131,140,0
95,447,0
421,755,0
280,764,0
385,643,0
1402,1405,1
326,453,0
2,80,0
1239,1240,1
1361,1376,1
790,792,1
1284,1363,1
392,545,0
69,470,0
348,1253,1
1437,1520,1
1444,1501,1
1337,1437,1
472,740,0
193,477,0
527,528,1
1423,1451,1
1328,1397,1
632,734,1
271,536,0
400,1462,1
188,400,1
755,1397,1
1265,1307,1
15,152,0
269,577,0
431,1464,1
41,330,1
30,524,0
3,306,0
382,1489,1
62,769,0
575,912,0
508,588,0
285,546,1
112,136,0
522,909,0
331,1359,1
71,756,0
144,466,0
65,90,0
252,1319,1
166,273,0
144,352,0
248,385,0
431,1261,1
654,838,1
1419,1436,1
113,385,0
1307,1493,1
294,403,0
289,760,0
1363,1575,1
755,914,0
236,527,0
9,68,0
334,1383,1
301,717,0
434,490,0
232,539,0
68,720,0
404,435,0
50,493,0
299,355,0
38,631,0
200,203,0
658,1566,1
367,485,0
1261,1340,1
378,739,1
524,626,1
228,896,0
1450,1489,1
383,1525,1
188,613,0
284,1063,1
1253,1444,1
680,700,1
460,1458,1
55,1501,1
1304,1464,1
69,585,0
578,615,0
89,696,0
1246,1327,1
514,869,1
424,522,1
1270,1285,1
285,1375,1
421,592,0
294,535,0
153,1358,1
635,1319,1
894,1261,1
571,891,1
1415,1423,1
626,894,1
424,1436,1
285,1460,1
193,409,0
26,1520,1
467,796,0
416,571,1
420,857,0
288,751,0
188,1499,1
461,891,0
1397,1541,1
607,714,1
519,696,0
362,363,1
1442,1509,1
544,622,1
1285,1310,1
245,272,1
1304,1351,1
324,1397,1
521,796,1
896,978,1
1278,1281,1
608,1541,1
90,785,0
197,615,0
114,545,0
478,479,1
557,1301,1
224,589,0
371,463,0
505,522,1
107,263,0
99,119,0
303,406,0
641,838,0
53,328,0
1314,1315,1
545,593,0
1299,1314,1
64,249,0
324,441,0
147,596,0
8,888,0
273,492,0
266,731,0
358,412,0
285,1426,1
1279,1390,1
125,437,0
1262,1430,1
1273,1311,1
416,687,0
271,795,0
539,551,0
457,661,0
536,661,0
241,1423,1
46,297,0
542,717,0
118,394,0
949,1199,1
71,414,0
464,588,0
305,325,0
579,736,0
626,635,1
228,549,0
1314,1493,1
115,1204,1
102,220,1
198,666,1
31,1493,1
19,103,0
1244,1261,1
167,586,0
653,869,0
93,163,0
712,1199,1
1146,1209,1
41,1493,1
207,1516,1
100,790,0
334,1568,1
64,193,0
433,666,1
339,403,0
720,838,1
84,731,0
257,494,0
714,1445,1
1261,1292,1
1363,1509,1
199,474,0
175,266,0
382,1386,1
1423,1495,1
217,508,0
63,1446,1
60,585,0
1431,1520,1
479,1397,1
211,709,0
203,284,0
310,535,0
1270,1493,1
663,838,1
41,543,1
1390,1475,1
786,885,0
234,632,1
71,280,0
470,756,0
204,361,0
1399,1501,1
200,536,0
25,294,1
18,592,0
1402,1444,1
285,600,1
786,1320,1
1262,1304,1
73,703,0
1436,1443,1
99,232,0
1442,1497,1
415,564,0
1244,1383,1
575,731,0
406,750,0
1296,1493,1
561,714,0
583,1567,1
3,196,0
207,543,0
7,531,0
211,359,0
99,511,0
1271,1371,1
120,334,0
1437,1524,1
40,1566,1
275,569,0
58,838,1
493,1512,1
1240,1387,1
658,1519,1
221,308,0
113,222,1
99,526,0
18,360,0
167,735,0
721,724,1
285,547,1
45,527,0
77,839,0
1248,1359,1
338,742,0
388,479,1
626,711,1
337,676,0
123,336,0
1253,1502,1
1292,1515,1
593,1541,1
14,189,0
3,12,1
754,769,0
228,343,0
1249,1419,1
242,869,1
1265,1375,1
289,577,0
545,560,0
245,663,0
1304,1451,1
1279,1285,1
336,458,0
523,1520,1
402,644,0
205,838,1
1375,1446,1
391,463,0
498,657,1
103,837,0
1359,1472,1
492,1387,1
375,519,0
331,558,0
41,166,0
280,1397,1
1040,1041,1
658,1541,1
933,934,1
193,254,0
384,464,0
1284,1429,1
482,608,0
9,549,0
722,726,1
1265,1475,1
1328,1453,1
388,1423,1
109,756,0
996,1493,1
789,1515,1
8,266,0
371,513,0
328,659,0
221,325,0
106,1451,1
1472,1501,1
349,1314,1
191,310,0
413,676,0
520,1063,1
1246,1261,1
1304,1314,1
64,198,1
156,445,0
46,459,0
498,1292,1
86,121,0
303,588,0
30,1567,1
227,737,0
635,1295,1
837,1261,1
61,476,0
9,739,0
433,451,1
228,344,0
1281,1419,1
85,1465,1
653,1249,1
25,578,0
257,476,0
513,1571,1
3,502,1
327,551,0
18,331,0
433,489,1
369,526,0
1480,1520,1
322,838,1
724,726,1
99,1063,1
711,717,0
441,839,0
352,371,0
786,1328,1
699,707,0
144,412,0
1423,1477,1
394,894,1
365,392,0
723,838,1
273,575,0
571,714,1
1423,1509,1
1261,1291,1
276,792,0
131,1512,1
504,785,0
550,894,0
111,197,0
752,828,0
1407,1497,1
460,535,0
25,55,1
396,454,0
338,416,0
182,631,0
40,724,0
434,813,0
576,771,0
3,177,0
123,359,0
182,555,0
271,273,0
447,561,0
272,556,0
461,689,0
1303,1359,1
30,1433,1
632,1380,1
7,206,0
1464,1485,1
387,469,1
658,938,1
172,200,0
131,569,0
1377,1493,1
80,443,0
90,175,0
521,1498,1
467,540,0
49,511,0
516,738,0
30,1542,1
1464,1509,1
375,514,0
227,259,1
1249,1363,1
221,263,0
538,899,0
717,726,1
477,1465,1
90,884,0
167,622,1
457,597,0
526,725,0
226,630,0
286,475,0
172,825,0
234,536,1
25,1520,1
280,689,0
457,829,0
1319,1464,1
302,1261,1
1382,1520,1
18,569,0
19,32,1
564,889,1
924,937,1
73,451,0
840,1520,1
205,256,0
1484,1517,1
862,1465,1
207,414,0
555,1542,1
115,262,1
490,1451,1
148,172,1
67,136,0
30,1261,1
188,524,0
71,95,1
136,290,0
226,458,0
34,1298,1
737,896,0
1281,1509,1
594,629,0
717,722,1
322,1307,1
140,475,0
221,671,0
267,987,1
578,623,0
84,855,0
87,206,0
417,699,0
57,1160,1
248,785,0
562,596,0
1328,1330,1
345,501,0
550,750,0
1363,1520,1
340,631,0
529,709,0
255,1292,1
53,63,1
609,882,0
1426,1446,1
259,297,0
204,451,0
569,1384,1
57,62,1
597,790,0
555,734,1
207,294,0
357,787,0
363,396,0
177,911,0
357,618,0
35,596,0
437,541,0
45,1363,1
306,608,0
146,402,0
388,536,0
118,443,0
501,622,1
472,1374,1
198,557,0
1473,1528,1
422,618,0
421,869,0
46,693,0
1050,1541,1
115,514,0
401,640,0
285,894,1
182,558,0
256,846,0
1363,1423,1
297,447,0
287,440,0
167,734,0
658,1567,1
134,677,0
265,1520,1
653,1285,1
286,1529,1
55,336,0
265,529,0
1261,1542,1
579,830,0
1359,1507,1
507,1368,1
737,886,0
626,701,0
330,1475,1
431,555,1
429,554,0
463,637,0
118,596,0
365,677,0
118,1058,1
234,460,1
992,1567,1
1285,1307,1
1285,1528,1
118,252,0
303,322,0
701,737,0
115,526,0
1542,1567,1
365,666,0
252,730,0
521,1288,1
57,479,1
582,617,0
1311,1313,1
347,913,0
1278,1542,1
138,558,0
138,199,1
1278,1308,1
1473,1477,1
460,1477,1
702,772,0
118,234,1
1361,1466,1
106,909,1
189,570,0
424,600,1
342,389,0
320,766,0
358,447,0
59,378,0
288,756,0
1505,1509,1
334,1460,1
528,873,0
517,1380,1
571,1397,1
338,469,0
80,242,0
67,431,0
1423,1452,1
410,507,0
49,540,0
63,1160,1
65,1501,1
25,1470,1
342,676,0
43,492,0
355,539,0
1442,1520,1
223,352,1
308,362,0
233,518,0
626,1387,1
32,469,0
349,666,0
479,524,0
248,294,0
170,570,0
1408,1419,1
163,470,0
1423,1444,1
1113,1123,1
1327,1363,1
265,357,1
223,334,1
1021,1265,1
643,793,0
569,772,0
100,272,0
285,1553,1
380,891,0
15,644,0
1484,1519,1
38,507,0
93,306,0
785,915,0
156,496,0
242,460,1
176,257,0
316,546,0
771,1290,1
209,582,0
433,475,1
5,524,0
1472,1541,1
348,589,0
348,896,0
153,1576,1
331,467,0
476,1063,1
478,519,1
772,862,0
257,558,0
41,1532,1
163,292,0
361,477,0
359,362,0
643,890,0
1515,1572,1
738,885,0
73,309,0
302,1567,1
265,290,0
514,867,0
1484,1489,1
25,265,1
493,667,0
889,1387,1
637,839,0
53,153,1
289,482,0
115,576,0
25,330,1
87,374,0
220,549,0
1301,1344,1
687,1105,1
344,345,1
472,792,0
1290,1363,1
545,547,1
68,371,0
772,1105,1
170,739,1
90,1403,1
81,284,0
158,565,0
1423,1572,1
204,593,0
66,1301,1
924,1460,1
618,631,0
68,226,0
734,750,0
226,1465,1
87,257,0
172,343,0
136,1465,1
322,1520,1
172,738,0
45,170,0
1304,1527,1
25,555,1
269,414,0
103,561,0
106,393,1
259,420,0
89,690,0
507,693,0
305,837,0
65,578,0
431,1466,1
1393,1493,1
43,236,0
838,858,1
93,545,1
739,1541,1
359,365,0
536,912,0
260,884,0
463,1307,1
1285,1485,1
378,1567,1
5,607,0
521,1063,1
67,711,0
248,1539,1
1265,1304,1
107,342,0
924,935,1
389,569,0
147,217,0
740,1567,1
378,1316,1
206,223,1
1447,1448,1
154,643,0
517,610,0
729,738,1
1249,1261,1
285,657,1
236,392,0
3,287,1
112,469,0
228,435,0
158,748,0
1419,1423,1
380,416,0
626,1539,1
1501,1557,1
1374,1473,1
153,1363,1
635,689,0
49,1541,1
625,690,0
1416,1542,1
383,545,0
242,540,1
255,549,0
594,640,0
479,688,0
555,1473,1
541,654,0
151,1550,1
285,351,1
477,536,1
1520,1527,1
153,1305,1
785,890,0
326,352,1
327,470,0
477,1301,1
165,263,0
1293,1363,1
869,1397,1
714,1464,1
301,504,0
493,576,0
188,839,1
654,724,0
433,478,1
378,453,0
206,703,0
61,771,0
248,503,0
632,659,0
714,1050,1
194,341,0
66,756,0
30,401,0
520,739,1
156,217,1
1252,1273,1
467,479,0
505,570,0
1460,1517,1
77,256,0
223,1567,1
50,368,0
233,1278,1
781,838,1
689,1451,1
717,838,1
223,461,1
1396,1493,1
151,722,0
367,469,0
234,539,0
68,223,1
18,303,0
338,1304,1
138,709,0
1299,1301,1
73,445,0
385,884,0
960,1003,1
309,596,0
68,80,0
557,680,0
1304,1327,1
409,1460,1
195,411,0
63,102,1
544,658,0
156,723,0
496,501,1
434,539,0
1470,1473,1
194,387,0
100,839,0
120,1377,1
520,570,0
733,1568,1
1281,1363,1
531,838,1
50,79,0
451,555,1
180,840,1
63,1325,1
1444,1528,1
151,1565,1
369,699,0
25,577,0
41,1050,1
601,756,0
30,1246,1
18,25,0
1261,1567,1
560,739,1
666,838,1
702,1363,1
557,688,0
9,738,0
1424,1567,1
376,421,0
188,220,0
1301,1393,1
52,90,1
323,785,0
555,789,1
238,431,0
299,422,0
367,406,0
65,385,0
285,1160,1
234,1436,1
1315,1498,1
50,125,0
632,1525,1
297,582,0
206,589,0
343,726,0
25,334,1
1159,1162,1
556,640,0
431,1539,1
1160,1402,1
1292,1522,1
1378,1468,1
5,459,0
40,625,0
1423,1507,1
406,889,1
424,1540,1
30,1467,1
30,1515,1
1262,1541,1
460,1517,1
53,433,1
409,730,0
1399,1495,1
511,663,0
151,1436,1
92,259,0
376,1281,1
66,702,0
320,722,0
725,1050,1
121,1499,1
75,1493,1
191,477,1
40,577,0
1301,1398,1
828,929,1
1301,1545,1
400,1541,1
717,724,1
1292,1431,1
1375,1464,1
615,830,0
273,451,0
63,1497,1
105,447,1
351,1568,1
1550,1572,1
156,688,0
31,363,0
31,912,0
347,678,0
148,222,0
383,740,0
593,707,0
378,1309,1
1363,1367,1
288,711,0
1509,1515,1
343,721,0
1266,1557,1
308,479,0
100,796,0
608,911,0
25,343,0
671,707,1
676,1397,1
63,838,1
369,408,0
558,689,1
1423,1462,1
71,522,1
46,147,0
1261,1515,1
106,1160,1
478,874,0
223,545,1
125,308,0
136,170,0
276,712,0
393,1512,1
431,829,0
172,554,0
35,299,0
393,888,0
389,571,0
915,1465,1
739,1557,1
248,313,0
2,5,0
64,577,0
20,374,0
591,592,1
1511,1528,1
550,588,1
93,361,0
1351,1363,1
731,738,0
1423,1493,1
579,720,0
1423,1484,1
295,1375,1
23,758,0
1343,1344,1
15,738,0
123,463,0
466,663,0
365,576,0
69,289,0
90,1246,1
130,699,0
485,544,0
87,658,1
38,543,1
1320,1572,1
1261,1497,1
410,413,0
103,738,0
245,867,0
112,1473,1
1261,1343,1
405,498,0
1423,1464,1
1292,1509,1
35,591,0
400,459,0
25,911,0
431,1503,1
118,970,1
105,597,0
496,504,0
290,1567,1
1423,1570,1
5,160,0
658,687,1
524,663,0
252,712,0
1428,1430,1
1415,1485,1
189,889,0
389,702,0
152,459,0
153,1321,1
193,576,0
467,671,0
153,752,0
55,57,1
245,696,0
204,370,0
30,1281,1
294,392,0
472,1423,1
555,617,1
225,742,0
1273,1464,1
543,1567,1
464,517,1
170,1517,1
536,1363,1
12,385,0
564,689,1
324,658,1
292,625,0
115,1502,1
545,1550,1
839,862,0
38,302,1
789,1426,1
388,858,0
352,591,0
909,1380,1
223,1319,1
147,313,0
355,430,0
285,586,1
385,890,0
32,888,0
786,1290,1
297,667,0
1261,1464,1
40,71,0
325,528,0
1261,1498,1
1319,1528,1
303,434,0
73,865,0
489,663,0
271,739,0
536,1517,1
625,793,0
34,729,0
330,475,0
227,543,0
9,862,0
85,594,0
70,152,0
464,495,0
742,1465,1
1336,1363,1
786,1423,1
323,1397,1
3,829,0
69,295,0
404,685,0
1059,1063,1
615,867,0
150,557,0
1328,1339,1
607,756,0
1515,1517,1
771,1272,1
211,425,0
156,829,0
495,545,1
1160,1301,1
1160,1545,1
769,771,0
326,677,0
15,689,0
25,1541,1
226,361,0
1367,1541,1
615,699,0
58,224,0
252,414,0
112,636,0
155,985,1
224,740,0
498,1160,1
30,357,0
338,736,0
156,264,1
1319,1481,1
540,838,1
388,1370,1
578,725,0
658,1363,1
1301,1541,1
19,496,0
690,869,0
1301,1403,1
41,376,0
1363,1378,1
409,495,0
555,1431,1
726,1541,1
249,392,0
68,787,0
35,583,0
43,263,0
95,367,0
369,758,0
1307,1378,1
1393,1464,1
102,492,0
5,578,0
40,680,0
1304,1325,1
269,380,0
405,1423,1
1050,1566,1
207,1361,1
341,375,0
55,1541,1
165,540,0
492,837,0
382,556,0
552,1105,1
658,1520,1
267,458,0
338,561,0
153,402,1
1515,1527,1
284,434,0
641,731,0
138,516,0
324,597,0
357,582,0
1273,1359,1
384,739,1
136,374,0
256,458,0
20,644,0
500,1384,1
330,1450,1
550,813,0
183,617,0
286,288,1
220,667,0
359,368,0
103,107,0
1261,1295,1
936,1460,1
89,837,0
68,73,1
1308,1309,1
248,681,0
422,652,0
290,423,0
369,838,1
431,1567,1
134,723,0
75,429,0
771,1307,1
38,252,0
241,911,0
20,37,0
18,915,0
211,330,1
41,121,0
63,1489,1
508,576,1
320,890,0
424,555,1
53,1423,1
62,73,0
1273,1363,1
87,351,0
71,1576,1
513,516,1
294,433,0
552,588,0
87,896,0
131,596,0
58,136,0
30,1503,1
477,739,1
1519,1527,1
564,577,0
433,445,1
433,545,1
37,344,0
30,327,0
518,685,0
328,411,0
102,714,1
150,690,0
1301,1328,1
30,1445,1
9,631,0
1480,1545,1
306,1493,1
894,1445,1
77,1063,1
123,885,0
15,136,0
411,545,0
288,750,0
301,328,0
680,888,0
195,212,0
37,601,0
554,1520,1
625,1105,1
360,409,0
1189,1261,1
220,1363,1
1423,1446,1
721,798,0
14,540,0
103,1395,1
1542,1543,1
501,714,1
160,769,0
118,724,0
1313,1473,1
583,1160,1
38,92,0
496,554,0
106,1359,1
431,1375,1
338,1279,1
658,1508,1
433,1464,1
760,1553,1
1160,1366,1
280,862,0
3,1541,1
555,1493,1
30,894,1
609,838,1
275,363,0
477,517,1
1445,1541,1
147,557,0
325,730,0
702,857,0
204,422,0
221,890,0
292,696,0
153,1301,1
30,555,1
789,911,1
1302,1493,1
252,545,0
1255,1309,1
111,196,0
1128,1209,1
1489,1497,1
345,689,0
5,755,0
31,742,0
503,730,0
1541,1566,1
382,1532,1
1468,1545,1
1292,1304,1
71,578,0
714,1446,1
793,1445,1
384,862,0
825,851,0
1527,1540,1
1351,1375,1
617,1407,1
508,1368,1
241,513,0
36,80,0
658,894,1
245,1539,1
1506,1567,1
115,254,1
423,789,0
1384,1493,1
284,616,0
1489,1567,1
689,700,1
37,1528,1
1204,1511,1
629,1525,1
733,737,0
70,406,1
344,608,0
1296,1307,1
508,552,1
475,630,0
433,493,1
445,470,0
41,873,0
147,355,0
62,405,1
417,445,0
84,351,0
249,609,0
41,626,1
85,734,0
610,680,0
238,558,0
1378,1501,1
496,680,0
1304,1313,1
330,687,0
1358,1451,1
176,586,0
555,1326,1
38,415,0
260,430,0
310,600,0
389,635,0
256,323,0
720,996,1
30,579,0
167,884,0
264,565,0
402,545,1
676,798,1
15,723,0
295,913,0
1160,1567,1
86,1567,1
552,569,0
183,891,0
539,1397,1
1246,1290,1
167,582,0
172,269,0
127,504,0
271,894,0
1446,1520,1
352,544,0
1515,1520,1
90,417,0
9,459,0
194,1407,1
508,583,0
514,632,0
441,576,1
475,714,1
183,577,0
320,696,0
95,233,0
1363,1451,1
830,837,0
138,325,0
1236,1237,1
554,795,0
1328,1567,1
416,899,0
571,658,1
217,540,0
289,607,0
165,299,0
95,228,0
351,463,0
18,39,0
205,1508,1
224,751,0
1275,1278,1
55,1309,1
85,1541,1
726,1446,1
30,1407,1
50,636,0
549,703,0
127,236,0
3,545,1
20,600,0
85,334,1
1359,1574,1
87,258,0
1246,1359,1
380,858,0
167,260,0
211,653,0
1160,1228,1
492,529,0
1305,1387,1
197,206,0
475,855,0
107,183,0
478,858,0
1270,1423,1
207,785,0
15,795,0
396,846,0
279,1063,1
241,1384,1
726,858,1
248,709,0
109,825,0
267,445,0
1257,1302,1
337,693,0
348,867,0
560,654,0
134,466,0
301,489,0
578,629,0
338,1561,1
569,1489,1
786,1331,1
1253,1290,1
60,501,0
894,1515,1
1331,1363,1
435,586,0
409,1502,1
363,617,0
301,721,0
90,1567,1
267,1517,1
1451,1524,1
467,663,0
601,702,0
147,891,0
343,711,1
403,987,1
380,490,0
367,1528,1
412,720,0
1285,1380,1
138,198,1
365,1446,1
1292,1359,1
134,443,0
1484,1520,1
607,1397,1
414,513,0
1495,1508,1
102,371,0
20,160,0
297,626,0
287,434,1
157,302,0
1160,1442,1
157,1160,1
652,734,0
410,789,0
206,551,0
71,1465,1
209,521,1
434,498,0
375,1511,1
67,259,0
396,440,0
485,564,0
290,737,0
1423,1508,1
34,103,0
1457,1502,1
618,886,0
888,1228,1
326,689,0
653,1509,1
30,1279,1
34,252,0
77,659,0
105,1160,1
62,151,1
739,1512,1
347,688,0
501,511,1
385,576,0
788,913,0
234,829,0
23,167,0
125,579,0
